-- ============================================
-- 1. COMPANY
-- ============================================
INSERT INTO COMPANY (COMPANY_ID, COMPANY_NAME, ADDRESS, POSTAL_CODE, PHONE, EMAIL, TAX_ID, ESTABLISHED_DATE, CREATED_ON, CREATED_BY)
VALUES (seq_company.NEXTVAL, 'Local Coffee Shop', '12 King St, Toronto', 'M5A 1K3', '416-111-2222', 'contact@coffeeshop.com', 'TX1001', TO_DATE('2015-03-01','YYYY-MM-DD'), SYSDATE, 'Aditto');

INSERT INTO COMPANY (COMPANY_ID, COMPANY_NAME, ADDRESS, POSTAL_CODE, PHONE, EMAIL, TAX_ID, ESTABLISHED_DATE, CREATED_ON, CREATED_BY)
VALUES (seq_company.NEXTVAL, 'Regional Furniture Co.', '45 Queen St, Toronto', 'M5B 2J4', '416-333-4444', 'info@furnitureco.com', 'TX1002', TO_DATE('2010-06-15','YYYY-MM-DD'), SYSDATE, 'Yvette');

INSERT INTO COMPANY (COMPANY_ID, COMPANY_NAME, ADDRESS, POSTAL_CODE, PHONE, EMAIL, TAX_ID, ESTABLISHED_DATE, CREATED_ON, CREATED_BY)
VALUES (seq_company.NEXTVAL, 'Global Semiconductor Inc.', '100 Tech Park, Silicon Valley', '94043', '408-555-6666', 'support@semiconductor.com', 'TX1003', TO_DATE('2000-01-20','YYYY-MM-DD'), SYSDATE, 'Nirja');

INSERT INTO COMPANY (COMPANY_ID, COMPANY_NAME, ADDRESS, POSTAL_CODE, PHONE, EMAIL, TAX_ID, ESTABLISHED_DATE, CREATED_ON, CREATED_BY)
VALUES (seq_company.NEXTVAL, 'Maple Electronics Ltd.', '220 Industrial Ave, Toronto', 'M5C 3K6', '416-777-8888', 'sales@mapleelectronics.com', 'TX1004', TO_DATE('2018-09-10','YYYY-MM-DD'), SYSDATE, 'Thu');

INSERT INTO COMPANY (COMPANY_ID, COMPANY_NAME, ADDRESS, POSTAL_CODE, PHONE, EMAIL, TAX_ID, ESTABLISHED_DATE, CREATED_ON, CREATED_BY)
VALUES (seq_company.NEXTVAL, 'Urban Bakery', '78 Main St, Toronto', 'M4B 1B5', '416-999-0000', 'hello@urbanbakery.com', 'TX1005', TO_DATE('2016-11-12','YYYY-MM-DD'), SYSDATE, 'Aditto');

INSERT INTO COMPANY (COMPANY_ID, COMPANY_NAME, ADDRESS, POSTAL_CODE, PHONE, EMAIL, TAX_ID, ESTABLISHED_DATE, CREATED_ON, CREATED_BY)
VALUES (seq_company.NEXTVAL, 'Northern Logistics', '500 Port Rd, Toronto', 'M5J 2N8', '416-222-3333', 'contact@northernlogistics.com', 'TX1006', TO_DATE('2012-02-25','YYYY-MM-DD'), SYSDATE, 'Yvette');

INSERT INTO COMPANY (COMPANY_ID, COMPANY_NAME, ADDRESS, POSTAL_CODE, PHONE, EMAIL, TAX_ID, ESTABLISHED_DATE, CREATED_ON, CREATED_BY)
VALUES (seq_company.NEXTVAL, 'Sunny Apparel', '123 Fashion Blvd, Toronto', 'M5H 1M5', '416-444-5555', 'info@sunnyapparel.com', 'TX1007', TO_DATE('2017-08-03','YYYY-MM-DD'), SYSDATE, 'Nirja');

INSERT INTO COMPANY (COMPANY_ID, COMPANY_NAME, ADDRESS, POSTAL_CODE, PHONE, EMAIL, TAX_ID, ESTABLISHED_DATE, CREATED_ON, CREATED_BY)
VALUES (seq_company.NEXTVAL, 'Tech Solutions Ltd.', '88 Innovation Dr, Toronto', 'M5V 2K1', '416-666-7777', 'support@techsolutions.com', 'TX1008', TO_DATE('2014-05-18','YYYY-MM-DD'), SYSDATE, 'Thu');

INSERT INTO COMPANY (COMPANY_ID, COMPANY_NAME, ADDRESS, POSTAL_CODE, PHONE, EMAIL, TAX_ID, ESTABLISHED_DATE, CREATED_ON, CREATED_BY)
VALUES (seq_company.NEXTVAL, 'Green Foods', '200 Organic Rd, Toronto', 'M5L 3H7', '416-888-9999', 'info@greenfoods.com', 'TX1009', TO_DATE('2019-01-01','YYYY-MM-DD'), SYSDATE, 'Aditto');

INSERT INTO COMPANY (COMPANY_ID, COMPANY_NAME, ADDRESS, POSTAL_CODE, PHONE, EMAIL, TAX_ID, ESTABLISHED_DATE, CREATED_ON, CREATED_BY)
VALUES (seq_company.NEXTVAL, 'Blue Horizon Energy', '400 Solar St, Toronto', 'M5K 1P4', '416-101-2020', 'contact@bluehorizon.com', 'TX1010', TO_DATE('2011-07-12','YYYY-MM-DD'), SYSDATE, 'Yvette');




-- ============================================
-- 2. JOB_POSITION
-- ============================================
INSERT INTO JOB_POSITION (JOB_POSITION_ID, POSITION_TITLE, JOB_DESCRIPTION, CREATED_ON, CREATED_BY)
VALUES (seq_job_position.NEXTVAL, 'Sales Manager', 'Manages sales team and oversees client relations.', SYSDATE, 'Aditto');

INSERT INTO JOB_POSITION (JOB_POSITION_ID, POSITION_TITLE, JOB_DESCRIPTION, CREATED_ON, CREATED_BY)
VALUES (seq_job_position.NEXTVAL, 'Warehouse Supervisor', 'Oversees warehouse operations and inventory management.', SYSDATE, 'Yvette');

INSERT INTO JOB_POSITION (JOB_POSITION_ID, POSITION_TITLE, JOB_DESCRIPTION, CREATED_ON, CREATED_BY)
VALUES (seq_job_position.NEXTVAL, 'Procurement Officer', 'Handles purchase orders and vendor relations.', SYSDATE, 'Nirja');

INSERT INTO JOB_POSITION (JOB_POSITION_ID, POSITION_TITLE, JOB_DESCRIPTION, CREATED_ON, CREATED_BY)
VALUES (seq_job_position.NEXTVAL, 'Software Engineer', 'Develops ERP system modules and IT solutions.', SYSDATE, 'Thu');

INSERT INTO JOB_POSITION (JOB_POSITION_ID, POSITION_TITLE, JOB_DESCRIPTION, CREATED_ON, CREATED_BY)
VALUES (seq_job_position.NEXTVAL, 'Accountant', 'Manages accounts payable and receivable.', SYSDATE, 'Aditto');

INSERT INTO JOB_POSITION (JOB_POSITION_ID, POSITION_TITLE, JOB_DESCRIPTION, CREATED_ON, CREATED_BY)
VALUES (seq_job_position.NEXTVAL, 'HR Manager', 'Manages employee recruitment, payroll, and compliance.', SYSDATE, 'Yvette');

INSERT INTO JOB_POSITION (JOB_POSITION_ID, POSITION_TITLE, JOB_DESCRIPTION, CREATED_ON, CREATED_BY)
VALUES (seq_job_position.NEXTVAL, 'Production Supervisor', 'Oversees manufacturing and production lines.', SYSDATE, 'Nirja');

INSERT INTO JOB_POSITION (JOB_POSITION_ID, POSITION_TITLE, JOB_DESCRIPTION, CREATED_ON, CREATED_BY)
VALUES (seq_job_position.NEXTVAL, 'Marketing Specialist', 'Handles marketing campaigns and promotions.', SYSDATE, 'Thu');

INSERT INTO JOB_POSITION (JOB_POSITION_ID, POSITION_TITLE, JOB_DESCRIPTION, CREATED_ON, CREATED_BY)
VALUES (seq_job_position.NEXTVAL, 'Customer Support Agent', 'Provides customer support and service.', SYSDATE, 'Aditto');

INSERT INTO JOB_POSITION (JOB_POSITION_ID, POSITION_TITLE, JOB_DESCRIPTION, CREATED_ON, CREATED_BY)
VALUES (seq_job_position.NEXTVAL, 'Logistics Coordinator', 'Coordinates deliveries and supply chain operations.', SYSDATE, 'Yvette');

-- ============================================
-- 3. PRODUCT_CATEGORY
-- ============================================
INSERT INTO PRODUCT_CATEGORY (PRODUCT_CATEGORY_ID, CATEGORY_NAME, CATEGORY_DESCRIPTION, CREATED_ON, CREATED_BY)
VALUES (seq_product_category.NEXTVAL, 'Beverages', 'All coffee, tea, and drinks products.', SYSDATE, 'Aditto');

INSERT INTO PRODUCT_CATEGORY (PRODUCT_CATEGORY_ID, CATEGORY_NAME, CATEGORY_DESCRIPTION, CREATED_ON, CREATED_BY)
VALUES (seq_product_category.NEXTVAL, 'Furniture', 'Chairs, tables, cabinets, and related furniture items.', SYSDATE, 'Yvette');

INSERT INTO PRODUCT_CATEGORY (PRODUCT_CATEGORY_ID, CATEGORY_NAME, CATEGORY_DESCRIPTION, CREATED_ON, CREATED_BY)
VALUES (seq_product_category.NEXTVAL, 'Electronics', 'Electronic components, gadgets, and devices.', SYSDATE, 'Nirja');

INSERT INTO PRODUCT_CATEGORY (PRODUCT_CATEGORY_ID, CATEGORY_NAME, CATEGORY_DESCRIPTION, CREATED_ON, CREATED_BY)
VALUES (seq_product_category.NEXTVAL, 'Bakery Goods', 'Bread, cakes, pastries, and desserts.', SYSDATE, 'Thu');

INSERT INTO PRODUCT_CATEGORY (PRODUCT_CATEGORY_ID, CATEGORY_NAME, CATEGORY_DESCRIPTION, CREATED_ON, CREATED_BY)
VALUES (seq_product_category.NEXTVAL, 'Office Supplies', 'Pens, paper, files, and office essentials.', SYSDATE, 'Aditto');

INSERT INTO PRODUCT_CATEGORY (PRODUCT_CATEGORY_ID, CATEGORY_NAME, CATEGORY_DESCRIPTION, CREATED_ON, CREATED_BY)
VALUES (seq_product_category.NEXTVAL, 'Apparel', 'Clothing, shoes, and accessories.', SYSDATE, 'Yvette');

INSERT INTO PRODUCT_CATEGORY (PRODUCT_CATEGORY_ID, CATEGORY_NAME, CATEGORY_DESCRIPTION, CREATED_ON, CREATED_BY)
VALUES (seq_product_category.NEXTVAL, 'Hardware', 'Tools, machines, and industrial equipment.', SYSDATE, 'Nirja');

INSERT INTO PRODUCT_CATEGORY (PRODUCT_CATEGORY_ID, CATEGORY_NAME, CATEGORY_DESCRIPTION, CREATED_ON, CREATED_BY)
VALUES (seq_product_category.NEXTVAL, 'Software', 'ERP and IT solutions products.', SYSDATE, 'Thu');

INSERT INTO PRODUCT_CATEGORY (PRODUCT_CATEGORY_ID, CATEGORY_NAME, CATEGORY_DESCRIPTION, CREATED_ON, CREATED_BY)
VALUES (seq_product_category.NEXTVAL, 'Organic Foods', 'Health-focused food items and organic products.', SYSDATE, 'Aditto');

INSERT INTO PRODUCT_CATEGORY (PRODUCT_CATEGORY_ID, CATEGORY_NAME, CATEGORY_DESCRIPTION, CREATED_ON, CREATED_BY)
VALUES (seq_product_category.NEXTVAL, 'Energy Equipment', 'Solar panels, batteries, and renewable energy products.', SYSDATE, 'Yvette');

-- ============================================
-- 4. MATERIAL
-- ============================================
INSERT INTO MATERIAL (MATERIAL_ID, MATERIAL_CODE, MATERIAL_NAME, DESCRIPTION, UNIT_OF_MEASURE, CREATED_ON, CREATED_BY)
VALUES (seq_material.NEXTVAL, 'MAT-001', 'Coffee Beans', 'Arabica coffee beans for brewing.', 'kg', SYSDATE, 'Aditto');

INSERT INTO MATERIAL (MATERIAL_ID, MATERIAL_CODE, MATERIAL_NAME, DESCRIPTION, UNIT_OF_MEASURE, CREATED_ON, CREATED_BY)
VALUES (seq_material.NEXTVAL, 'MAT-002', 'Wood Planks', 'Pine wood planks for furniture manufacturing.', 'pcs', SYSDATE, 'Yvette');

INSERT INTO MATERIAL (MATERIAL_ID, MATERIAL_CODE, MATERIAL_NAME, DESCRIPTION, UNIT_OF_MEASURE, CREATED_ON, CREATED_BY)
VALUES (seq_material.NEXTVAL, 'MAT-003', 'Semiconductor Chips', 'High-performance integrated circuits.', 'pcs', SYSDATE, 'Nirja');

INSERT INTO MATERIAL (MATERIAL_ID, MATERIAL_CODE, MATERIAL_NAME, DESCRIPTION, UNIT_OF_MEASURE, CREATED_ON, CREATED_BY)
VALUES (seq_material.NEXTVAL, 'MAT-004', 'Flour', 'High-quality wheat flour for bakery products.', 'kg', SYSDATE, 'Thu');

INSERT INTO MATERIAL (MATERIAL_ID, MATERIAL_CODE, MATERIAL_NAME, DESCRIPTION, UNIT_OF_MEASURE, CREATED_ON, CREATED_BY)
VALUES (seq_material.NEXTVAL, 'MAT-005', 'Ink Cartridges', 'Printer ink cartridges for office use.', 'pcs', SYSDATE, 'Aditto');

INSERT INTO MATERIAL (MATERIAL_ID, MATERIAL_CODE, MATERIAL_NAME, DESCRIPTION, UNIT_OF_MEASURE, CREATED_ON, CREATED_BY)
VALUES (seq_material.NEXTVAL, 'MAT-006', 'Fabric', 'Cotton fabric for apparel production.', 'm', SYSDATE, 'Yvette');

INSERT INTO MATERIAL (MATERIAL_ID, MATERIAL_CODE, MATERIAL_NAME, DESCRIPTION, UNIT_OF_MEASURE, CREATED_ON, CREATED_BY)
VALUES (seq_material.NEXTVAL, 'MAT-007', 'Steel Rods', 'Industrial steel rods for hardware assembly.', 'kg', SYSDATE, 'Nirja');

INSERT INTO MATERIAL (MATERIAL_ID, MATERIAL_CODE, MATERIAL_NAME, DESCRIPTION, UNIT_OF_MEASURE, CREATED_ON, CREATED_BY)
VALUES (seq_material.NEXTVAL, 'MAT-008', 'Software License', 'ERP software annual license.', 'unit', SYSDATE, 'Thu');

INSERT INTO MATERIAL (MATERIAL_ID, MATERIAL_CODE, MATERIAL_NAME, DESCRIPTION, UNIT_OF_MEASURE, CREATED_ON, CREATED_BY)
VALUES (seq_material.NEXTVAL, 'MAT-009', 'Organic Vegetables', 'Fresh organic vegetables.', 'kg', SYSDATE, 'Aditto');

INSERT INTO MATERIAL (MATERIAL_ID, MATERIAL_CODE, MATERIAL_NAME, DESCRIPTION, UNIT_OF_MEASURE, CREATED_ON, CREATED_BY)
VALUES (seq_material.NEXTVAL, 'MAT-010', 'Solar Panel', 'Photovoltaic solar panels.', 'pcs', SYSDATE, 'Yvette');

-- ============================================
-- 5. PAYMENT
-- ============================================
INSERT INTO PAYMENT (PAYMENT_ID, PAYMENT_DATE, PAYMENT_AMOUNT, PAYMENT_METHOD, TRANSACTION_ID, PAYMENT_STATUS, CREATED_ON, CREATED_BY)
VALUES (seq_payment.NEXTVAL, TO_DATE('2025-11-01','YYYY-MM-DD'), 150.00, 'Credit Card', 'TXN1001', 'Completed', SYSDATE, 'Aditto');

INSERT INTO PAYMENT (PAYMENT_ID, PAYMENT_DATE, PAYMENT_AMOUNT, PAYMENT_METHOD, TRANSACTION_ID, PAYMENT_STATUS, CREATED_ON, CREATED_BY)
VALUES (seq_payment.NEXTVAL, TO_DATE('2025-11-02','YYYY-MM-DD'), 2000.00, 'Bank Transfer', 'TXN1002', 'Pending', SYSDATE, 'Yvette');

INSERT INTO PAYMENT (PAYMENT_ID, PAYMENT_DATE, PAYMENT_AMOUNT, PAYMENT_METHOD, TRANSACTION_ID, PAYMENT_STATUS, CREATED_ON, CREATED_BY)
VALUES (seq_payment.NEXTVAL, TO_DATE('2025-11-03','YYYY-MM-DD'), 500.00, 'Cash', 'TXN1003', 'Completed', SYSDATE, 'Nirja');

INSERT INTO PAYMENT (PAYMENT_ID, PAYMENT_DATE, PAYMENT_AMOUNT, PAYMENT_METHOD, TRANSACTION_ID, PAYMENT_STATUS, CREATED_ON, CREATED_BY)
VALUES (seq_payment.NEXTVAL, TO_DATE('2025-11-04','YYYY-MM-DD'), 750.00, 'Credit Card', 'TXN1004', 'Completed', SYSDATE, 'Thu');

INSERT INTO PAYMENT (PAYMENT_ID, PAYMENT_DATE, PAYMENT_AMOUNT, PAYMENT_METHOD, TRANSACTION_ID, PAYMENT_STATUS, CREATED_ON, CREATED_BY)
VALUES (seq_payment.NEXTVAL, TO_DATE('2025-11-05','YYYY-MM-DD'), 1200.00, 'Bank Transfer', 'TXN1005', 'Pending', SYSDATE, 'Aditto');

INSERT INTO PAYMENT (PAYMENT_ID, PAYMENT_DATE, PAYMENT_AMOUNT, PAYMENT_METHOD, TRANSACTION_ID, PAYMENT_STATUS, CREATED_ON, CREATED_BY)
VALUES (seq_payment.NEXTVAL, TO_DATE('2025-11-06','YYYY-MM-DD'), 300.00, 'Cash', 'TXN1006', 'Completed', SYSDATE, 'Yvette');

INSERT INTO PAYMENT (PAYMENT_ID, PAYMENT_DATE, PAYMENT_AMOUNT, PAYMENT_METHOD, TRANSACTION_ID, PAYMENT_STATUS, CREATED_ON, CREATED_BY)
VALUES (seq_payment.NEXTVAL, TO_DATE('2025-11-07','YYYY-MM-DD'), 450.00, 'Credit Card', 'TXN1007', 'Completed', SYSDATE, 'Nirja');

INSERT INTO PAYMENT (PAYMENT_ID, PAYMENT_DATE, PAYMENT_AMOUNT, PAYMENT_METHOD, TRANSACTION_ID, PAYMENT_STATUS, CREATED_ON, CREATED_BY)
VALUES (seq_payment.NEXTVAL, TO_DATE('2025-11-08','YYYY-MM-DD'), 900.00, 'Bank Transfer', 'TXN1008', 'Pending', SYSDATE, 'Thu');

INSERT INTO PAYMENT (PAYMENT_ID, PAYMENT_DATE, PAYMENT_AMOUNT, PAYMENT_METHOD, TRANSACTION_ID, PAYMENT_STATUS, CREATED_ON, CREATED_BY)
VALUES (seq_payment.NEXTVAL, TO_DATE('2025-11-09','YYYY-MM-DD'), 600.00, 'Cash', 'TXN1009', 'Completed', SYSDATE, 'Aditto');

INSERT INTO PAYMENT (PAYMENT_ID, PAYMENT_DATE, PAYMENT_AMOUNT, PAYMENT_METHOD, TRANSACTION_ID, PAYMENT_STATUS, CREATED_ON, CREATED_BY)
VALUES (seq_payment.NEXTVAL, TO_DATE('2025-11-10','YYYY-MM-DD'), 1800.00, 'Credit Card', 'TXN1010', 'Pending', SYSDATE, 'Yvette');








-- ============================================
-- 6. DEPARTMENT
-- ============================================
INSERT INTO DEPARTMENT (DEPARTMENT_ID, DEPARTMENT_NAME, DEPARTMENT_CODE, COMPANY_ID, MANAGER_ID, LOCATION, BUDGET, CREATED_ON, CREATED_BY)
VALUES (seq_department.NEXTVAL, 'Sales', 'DPT-SAL', 1, NULL, '1st Floor', 50000, SYSDATE, 'Aditto');

INSERT INTO DEPARTMENT (DEPARTMENT_ID, DEPARTMENT_NAME, DEPARTMENT_CODE, COMPANY_ID, MANAGER_ID, LOCATION, BUDGET, CREATED_ON, CREATED_BY)
VALUES (seq_department.NEXTVAL, 'Warehouse', 'DPT-WH', 2, NULL, 'Warehouse 3', 75000, SYSDATE, 'Yvette');

INSERT INTO DEPARTMENT (DEPARTMENT_ID, DEPARTMENT_NAME, DEPARTMENT_CODE, COMPANY_ID, MANAGER_ID, LOCATION, BUDGET, CREATED_ON, CREATED_BY)
VALUES (seq_department.NEXTVAL, 'Procurement', 'DPT-PRO', 3, NULL, '2nd Floor', 90000, SYSDATE, 'Nirja');

INSERT INTO DEPARTMENT (DEPARTMENT_ID, DEPARTMENT_NAME, DEPARTMENT_CODE, COMPANY_ID, MANAGER_ID, LOCATION, BUDGET, CREATED_ON, CREATED_BY)
VALUES (seq_department.NEXTVAL, 'IT', 'DPT-IT', 3, NULL, '5th Floor', 120000, SYSDATE, 'Thu');

INSERT INTO DEPARTMENT (DEPARTMENT_ID, DEPARTMENT_NAME, DEPARTMENT_CODE, COMPANY_ID, MANAGER_ID, LOCATION, BUDGET, CREATED_ON, CREATED_BY)
VALUES (seq_department.NEXTVAL, 'Finance', 'DPT-FIN', 2, NULL, '3rd Floor', 60000, SYSDATE, 'Aditto');

INSERT INTO DEPARTMENT (DEPARTMENT_ID, DEPARTMENT_NAME, DEPARTMENT_CODE, COMPANY_ID, MANAGER_ID, LOCATION, BUDGET, CREATED_ON, CREATED_BY)
VALUES (seq_department.NEXTVAL, 'HR', 'DPT-HR', 1, NULL, '2nd Floor', 40000, SYSDATE, 'Yvette');

INSERT INTO DEPARTMENT (DEPARTMENT_ID, DEPARTMENT_NAME, DEPARTMENT_CODE, COMPANY_ID, MANAGER_ID, LOCATION, BUDGET, CREATED_ON, CREATED_BY)
VALUES (seq_department.NEXTVAL, 'Production', 'DPT-PROD', 2, NULL, 'Factory', 100000, SYSDATE, 'Nirja');

INSERT INTO DEPARTMENT (DEPARTMENT_ID, DEPARTMENT_NAME, DEPARTMENT_CODE, COMPANY_ID, MANAGER_ID, LOCATION, BUDGET, CREATED_ON, CREATED_BY)
VALUES (seq_department.NEXTVAL, 'Marketing', 'DPT-MKT', 1, NULL, '4th Floor', 55000, SYSDATE, 'Thu');

INSERT INTO DEPARTMENT (DEPARTMENT_ID, DEPARTMENT_NAME, DEPARTMENT_CODE, COMPANY_ID, MANAGER_ID, LOCATION, BUDGET, CREATED_ON, CREATED_BY)
VALUES (seq_department.NEXTVAL, 'Logistics', 'DPT-LOG', 3, NULL, 'Warehouse 1', 80000, SYSDATE, 'Aditto');

INSERT INTO DEPARTMENT (DEPARTMENT_ID, DEPARTMENT_NAME, DEPARTMENT_CODE, COMPANY_ID, MANAGER_ID, LOCATION, BUDGET, CREATED_ON, CREATED_BY)
VALUES (seq_department.NEXTVAL, 'Customer Support', 'DPT-CS', 1, NULL, '1st Floor', 45000, SYSDATE, 'Yvette');

-- ============================================
-- 7. EMPLOYEE
-- ============================================
INSERT INTO EMPLOYEE (EMPLOYEE_ID, FIRST_NAME, LAST_NAME, EMAIL, PHONE, HIRE_DATE, BIRTH_DATE, DEPARTMENT_ID, JOB_POSITION_ID, SALARY, EMPLOYMENT_STATUS, CREATED_ON, CREATED_BY)
VALUES (seq_employee.NEXTVAL, 'John', 'Doe', 'j.doe@coffeeshop.com', '416-111-2233', TO_DATE('2020-01-15','YYYY-MM-DD'), TO_DATE('1985-04-10','YYYY-MM-DD'), 1, 1, 50000, 'Active', SYSDATE, 'Aditto');

INSERT INTO EMPLOYEE (EMPLOYEE_ID, FIRST_NAME, LAST_NAME, EMAIL, PHONE, HIRE_DATE, BIRTH_DATE, DEPARTMENT_ID, JOB_POSITION_ID, SALARY, EMPLOYMENT_STATUS, CREATED_ON, CREATED_BY)
VALUES (seq_employee.NEXTVAL, 'Sarah', 'Lee', 's.lee@furnitureco.com', '416-333-5555', TO_DATE('2018-06-01','YYYY-MM-DD'), TO_DATE('1990-07-22','YYYY-MM-DD'), 2, 2, 60000, 'Active', SYSDATE, 'Yvette');

INSERT INTO EMPLOYEE (EMPLOYEE_ID, FIRST_NAME, LAST_NAME, EMAIL, PHONE, HIRE_DATE, BIRTH_DATE, DEPARTMENT_ID, JOB_POSITION_ID, SALARY, EMPLOYMENT_STATUS, CREATED_ON, CREATED_BY)
VALUES (seq_employee.NEXTVAL, 'Michael', 'Chen', 'm.chen@semiconductor.com', '408-555-6667', TO_DATE('2015-09-12','YYYY-MM-DD'), TO_DATE('1982-02-14','YYYY-MM-DD'), 3, 3, 75000, 'Active', SYSDATE, 'Nirja');

INSERT INTO EMPLOYEE (EMPLOYEE_ID, FIRST_NAME, LAST_NAME, EMAIL, PHONE, HIRE_DATE, BIRTH_DATE, DEPARTMENT_ID, JOB_POSITION_ID, SALARY, EMPLOYMENT_STATUS, CREATED_ON, CREATED_BY)
VALUES (seq_employee.NEXTVAL, 'Emma', 'Wilson', 'e.wilson@semiconductor.com', '408-555-6670', TO_DATE('2019-03-20','YYYY-MM-DD'), TO_DATE('1987-09-05','YYYY-MM-DD'), 4, 4, 90000, 'Active', SYSDATE, 'Thu');

INSERT INTO EMPLOYEE (EMPLOYEE_ID, FIRST_NAME, LAST_NAME, EMAIL, PHONE, HIRE_DATE, BIRTH_DATE, DEPARTMENT_ID, JOB_POSITION_ID, SALARY, EMPLOYMENT_STATUS, CREATED_ON, CREATED_BY)
VALUES (seq_employee.NEXTVAL, 'David', 'Brown', 'd.brown@furnitureco.com', '416-333-6666', TO_DATE('2017-11-30','YYYY-MM-DD'), TO_DATE('1980-12-12','YYYY-MM-DD'), 5, 5, 65000, 'Active', SYSDATE, 'Aditto');

INSERT INTO EMPLOYEE (EMPLOYEE_ID, FIRST_NAME, LAST_NAME, EMAIL, PHONE, HIRE_DATE, BIRTH_DATE, DEPARTMENT_ID, JOB_POSITION_ID, SALARY, EMPLOYMENT_STATUS, CREATED_ON, CREATED_BY)
VALUES (seq_employee.NEXTVAL, 'Linda', 'Taylor', 'l.taylor@coffeeshop.com', '416-111-2244', TO_DATE('2021-02-01','YYYY-MM-DD'), TO_DATE('1992-05-18','YYYY-MM-DD'), 6, 6, 48000, 'Active', SYSDATE, 'Yvette');

INSERT INTO EMPLOYEE (EMPLOYEE_ID, FIRST_NAME, LAST_NAME, EMAIL, PHONE, HIRE_DATE, BIRTH_DATE, DEPARTMENT_ID, JOB_POSITION_ID, SALARY, EMPLOYMENT_STATUS, CREATED_ON, CREATED_BY)
VALUES (seq_employee.NEXTVAL, 'Robert', 'Miller', 'r.miller@furnitureco.com', '416-333-7777', TO_DATE('2016-08-15','YYYY-MM-DD'), TO_DATE('1984-03-23','YYYY-MM-DD'), 7, 7, 70000, 'Active', SYSDATE, 'Nirja');

INSERT INTO EMPLOYEE (EMPLOYEE_ID, FIRST_NAME, LAST_NAME, EMAIL, PHONE, HIRE_DATE, BIRTH_DATE, DEPARTMENT_ID, JOB_POSITION_ID, SALARY, EMPLOYMENT_STATUS, CREATED_ON, CREATED_BY)
VALUES (seq_employee.NEXTVAL, 'Sophia', 'Anderson', 's.anderson@coffeeshop.com', '416-111-2255', TO_DATE('2022-07-10','YYYY-MM-DD'), TO_DATE('1995-11-11','YYYY-MM-DD'), 8, 8, 52000, 'Active', SYSDATE, 'Thu');

INSERT INTO EMPLOYEE (EMPLOYEE_ID, FIRST_NAME, LAST_NAME, EMAIL, PHONE, HIRE_DATE, BIRTH_DATE, DEPARTMENT_ID, JOB_POSITION_ID, SALARY, EMPLOYMENT_STATUS, CREATED_ON, CREATED_BY)
VALUES (seq_employee.NEXTVAL, 'James', 'Clark', 'j.clark@semiconductor.com', '408-555-6671', TO_DATE('2014-10-05','YYYY-MM-DD'), TO_DATE('1979-01-02','YYYY-MM-DD'), 9, 9, 80000, 'Active', SYSDATE, 'Aditto');

INSERT INTO EMPLOYEE (EMPLOYEE_ID, FIRST_NAME, LAST_NAME, EMAIL, PHONE, HIRE_DATE, BIRTH_DATE, DEPARTMENT_ID, JOB_POSITION_ID, SALARY, EMPLOYMENT_STATUS, CREATED_ON, CREATED_BY)
VALUES (seq_employee.NEXTVAL, 'Olivia', 'Martin', 'o.martin@coffeeshop.com', '416-111-2266', TO_DATE('2021-12-01','YYYY-MM-DD'), TO_DATE('1991-06-30','YYYY-MM-DD'), 10, 10, 49000, 'Active', SYSDATE, 'Yvette');









-- ============================================
-- 8. CUSTOMER
-- ============================================
INSERT INTO CUSTOMER (CUSTOMER_ID, CUSTOMER_NAME, CONTACT_PERSON, EMAIL, PHONE, ADDRESS, POSTAL_CODE, NATIONALITY, CUSTOMER_TYPE, REGISTRATION_DATE, COMPANY_ID, CREATED_ON, CREATED_BY)
VALUES (seq_customer.NEXTVAL, 'Cafe Aroma', 'Alice Johnson', 'alice@cafearoma.com', '416-100-2001', '123 Queen St, Toronto', 'M5H 2N2', 'Canadian', 'Retail', TO_DATE('2023-01-15','YYYY-MM-DD'), 1, SYSDATE, 'Aditto');

INSERT INTO CUSTOMER (CUSTOMER_ID, CUSTOMER_NAME, CONTACT_PERSON, EMAIL, PHONE, ADDRESS, POSTAL_CODE, NATIONALITY, CUSTOMER_TYPE, REGISTRATION_DATE, COMPANY_ID, CREATED_ON, CREATED_BY)
VALUES (seq_customer.NEXTVAL, 'Maple Furniture', 'Bob Smith', 'bob@maplefurniture.com', '416-300-4002', '45 King St, Toronto', 'M5H 3P4', 'Canadian', 'Wholesale', TO_DATE('2022-07-10','YYYY-MM-DD'), 2, SYSDATE, 'Yvette');

INSERT INTO CUSTOMER (CUSTOMER_ID, CUSTOMER_NAME, CONTACT_PERSON, EMAIL, PHONE, ADDRESS, POSTAL_CODE, NATIONALITY, CUSTOMER_TYPE, REGISTRATION_DATE, COMPANY_ID, CREATED_ON, CREATED_BY)
VALUES (seq_customer.NEXTVAL, 'Techno Chips Ltd', 'Charlie Tan', 'charlie@technoltd.com', '408-555-9000', '100 Silicon Rd, San Jose', '95134', 'USA', 'Corporate', TO_DATE('2021-05-20','YYYY-MM-DD'), 3, SYSDATE, 'Nirja');

INSERT INTO CUSTOMER (CUSTOMER_ID, CUSTOMER_NAME, CONTACT_PERSON, EMAIL, PHONE, ADDRESS, POSTAL_CODE, NATIONALITY, CUSTOMER_TYPE, REGISTRATION_DATE, COMPANY_ID, CREATED_ON, CREATED_BY)
VALUES (seq_customer.NEXTVAL, 'Bean and Brew', 'Diana Lee', 'diana@beanbrew.com', '416-100-2003', '78 Queen St, Toronto', 'M5H 2M3', 'Canadian', 'Retail', TO_DATE('2023-03-12','YYYY-MM-DD'), 1, SYSDATE, 'Thu');

INSERT INTO CUSTOMER (CUSTOMER_ID, CUSTOMER_NAME, CONTACT_PERSON, EMAIL, PHONE, ADDRESS, POSTAL_CODE, NATIONALITY, CUSTOMER_TYPE, REGISTRATION_DATE, COMPANY_ID, CREATED_ON, CREATED_BY)
VALUES (seq_customer.NEXTVAL, 'Comfort Seating', 'Edward Kim', 'edward@comfortseating.com', '416-300-4004', '52 King St, Toronto', 'M5H 3P5', 'Canadian', 'Wholesale', TO_DATE('2022-09-15','YYYY-MM-DD'), 2, SYSDATE, 'Aditto');

INSERT INTO CUSTOMER (CUSTOMER_ID, CUSTOMER_NAME, CONTACT_PERSON, EMAIL, PHONE, ADDRESS, POSTAL_CODE, NATIONALITY, CUSTOMER_TYPE, REGISTRATION_DATE, COMPANY_ID, CREATED_ON, CREATED_BY)
VALUES (seq_customer.NEXTVAL, 'Global Semiconductors', 'Fiona Wong', 'fiona@globalsemi.com', '408-555-9001', '200 Silicon Rd, San Jose', '95134', 'USA', 'Corporate', TO_DATE('2021-11-05','YYYY-MM-DD'), 3, SYSDATE, 'Yvette');

INSERT INTO CUSTOMER (CUSTOMER_ID, CUSTOMER_NAME, CONTACT_PERSON, EMAIL, PHONE, ADDRESS, POSTAL_CODE, NATIONALITY, CUSTOMER_TYPE, REGISTRATION_DATE, COMPANY_ID, CREATED_ON, CREATED_BY)
VALUES (seq_customer.NEXTVAL, 'Daily Grind Coffee', 'George Brown', 'george@dailygrind.com', '416-100-2004', '90 Queen St, Toronto', 'M5H 2N5', 'Canadian', 'Retail', TO_DATE('2023-05-18','YYYY-MM-DD'), 1, SYSDATE, 'Nirja');

INSERT INTO CUSTOMER (CUSTOMER_ID, CUSTOMER_NAME, CONTACT_PERSON, EMAIL, PHONE, ADDRESS, POSTAL_CODE, NATIONALITY, CUSTOMER_TYPE, REGISTRATION_DATE, COMPANY_ID, CREATED_ON, CREATED_BY)
VALUES (seq_customer.NEXTVAL, 'Royal Furniture', 'Hannah Lee', 'hannah@royalfurniture.com', '416-300-4005', '60 King St, Toronto', 'M5H 3P6', 'Canadian', 'Wholesale', TO_DATE('2022-11-20','YYYY-MM-DD'), 2, SYSDATE, 'Thu');

INSERT INTO CUSTOMER (CUSTOMER_ID, CUSTOMER_NAME, CONTACT_PERSON, EMAIL, PHONE, ADDRESS, POSTAL_CODE, NATIONALITY, CUSTOMER_TYPE, REGISTRATION_DATE, COMPANY_ID, CREATED_ON, CREATED_BY)
VALUES (seq_customer.NEXTVAL, 'Silicon Solutions', 'Ian Chen', 'ian@siliconsolutions.com', '408-555-9002', '150 Silicon Rd, San Jose', '95134', 'USA', 'Corporate', TO_DATE('2021-08-10','YYYY-MM-DD'), 3, SYSDATE, 'Aditto');

INSERT INTO CUSTOMER (CUSTOMER_ID, CUSTOMER_NAME, CONTACT_PERSON, EMAIL, PHONE, ADDRESS, POSTAL_CODE, NATIONALITY, CUSTOMER_TYPE, REGISTRATION_DATE, COMPANY_ID, CREATED_ON, CREATED_BY)
VALUES (seq_customer.NEXTVAL, 'Mocha House', 'Jane Kim', 'jane@mochahouse.com', '416-100-2005', '100 Queen St, Toronto', 'M5H 2N6', 'Canadian', 'Retail', TO_DATE('2023-07-01','YYYY-MM-DD'), 1, SYSDATE, 'Yvette');

-- ============================================
-- 9. VENDOR
-- ============================================
INSERT INTO VENDOR (VENDOR_ID, COMPANY_ID, VENDOR_NAME, CONTACT_PERSON, EMAIL, PHONE, ADDRESS, POSTAL_CODE, TAX_ID, PAYMENT_TERMS, CREATED_ON, CREATED_BY)
VALUES (seq_vendor.NEXTVAL, 1, 'Coffee Beans Co', 'Albert Green', 'albert@coffeebeansco.com', '416-200-3001', '55 Bean St, Toronto', 'M5H 4A1', 'TAX-1001', 'Net 30', SYSDATE, 'Aditto');

INSERT INTO VENDOR (VENDOR_ID, COMPANY_ID, VENDOR_NAME, CONTACT_PERSON, EMAIL, PHONE, ADDRESS, POSTAL_CODE, TAX_ID, PAYMENT_TERMS, CREATED_ON, CREATED_BY)
VALUES (seq_vendor.NEXTVAL, 2, 'Timber Suppliers Ltd', 'Barbara White', 'barbara@timbersup.com', '416-400-5002', '70 Wood Lane, Toronto', 'M5H 5B2', 'TAX-2002', 'Net 45', SYSDATE, 'Yvette');

INSERT INTO VENDOR (VENDOR_ID, COMPANY_ID, VENDOR_NAME, CONTACT_PERSON, EMAIL, PHONE, ADDRESS, POSTAL_CODE, TAX_ID, PAYMENT_TERMS, CREATED_ON, CREATED_BY)
VALUES (seq_vendor.NEXTVAL, 3, 'Chip Makers Inc', 'Charles Tan', 'charles@chipmakers.com', '408-555-9100', '10 Silicon Rd, San Jose', '95134', 'TAX-3003', 'Net 60', SYSDATE, 'Nirja');

INSERT INTO VENDOR (VENDOR_ID, COMPANY_ID, VENDOR_NAME, CONTACT_PERSON, EMAIL, PHONE, ADDRESS, POSTAL_CODE, TAX_ID, PAYMENT_TERMS, CREATED_ON, CREATED_BY)
VALUES (seq_vendor.NEXTVAL, 1, 'Bakery Ingredients Ltd', 'Diane Lee', 'diane@bakerying.com', '416-200-3002', '88 Flour St, Toronto', 'M5H 4A2', 'TAX-1004', 'Net 30', SYSDATE, 'Thu');

INSERT INTO VENDOR (VENDOR_ID, COMPANY_ID, VENDOR_NAME, CONTACT_PERSON, EMAIL, PHONE, ADDRESS, POSTAL_CODE, TAX_ID, PAYMENT_TERMS, CREATED_ON, CREATED_BY)
VALUES (seq_vendor.NEXTVAL, 2, 'Furniture Fabrics Co', 'Edward Kim', 'edward@fabricsco.com', '416-400-5003', '45 Textile Rd, Toronto', 'M5H 5B3', 'TAX-2005', 'Net 45', SYSDATE, 'Aditto');

INSERT INTO VENDOR (VENDOR_ID, COMPANY_ID, VENDOR_NAME, CONTACT_PERSON, EMAIL, PHONE, ADDRESS, POSTAL_CODE, TAX_ID, PAYMENT_TERMS, CREATED_ON, CREATED_BY)
VALUES (seq_vendor.NEXTVAL, 3, 'Semiconductor Tools Ltd', 'Fiona Wong', 'fiona@semictools.com', '408-555-9101', '150 Silicon Rd, San Jose', '95134', 'TAX-3006', 'Net 60', SYSDATE, 'Yvette');

INSERT INTO VENDOR (VENDOR_ID, COMPANY_ID, VENDOR_NAME, CONTACT_PERSON, EMAIL, PHONE, ADDRESS, POSTAL_CODE, TAX_ID, PAYMENT_TERMS, CREATED_ON, CREATED_BY)
VALUES (seq_vendor.NEXTVAL, 1, 'Organic Veggies Co', 'George Brown', 'george@organicveggies.com', '416-200-3003', '99 Green Rd, Toronto', 'M5H 4A3', 'TAX-1007', 'Net 30', SYSDATE, 'Nirja');

INSERT INTO VENDOR (VENDOR_ID, COMPANY_ID, VENDOR_NAME, CONTACT_PERSON, EMAIL, PHONE, ADDRESS, POSTAL_CODE, TAX_ID, PAYMENT_TERMS, CREATED_ON, CREATED_BY)
VALUES (seq_vendor.NEXTVAL, 2, 'Metal Works Inc', 'Hannah Lee', 'hannah@metalworks.com', '416-400-5004', '33 Steel Rd, Toronto', 'M5H 5B4', 'TAX-2008', 'Net 45', SYSDATE, 'Thu');

INSERT INTO VENDOR (VENDOR_ID, COMPANY_ID, VENDOR_NAME, CONTACT_PERSON, EMAIL, PHONE, ADDRESS, POSTAL_CODE, TAX_ID, PAYMENT_TERMS, CREATED_ON, CREATED_BY)
VALUES (seq_vendor.NEXTVAL, 3, 'Software Solutions Ltd', 'Ian Chen', 'ian@softwaresol.com', '408-555-9102', '88 Tech Rd, San Jose', '95134', 'TAX-3009', 'Net 60', SYSDATE, 'Aditto');

INSERT INTO VENDOR (VENDOR_ID, COMPANY_ID, VENDOR_NAME, CONTACT_PERSON, EMAIL, PHONE, ADDRESS, POSTAL_CODE, TAX_ID, PAYMENT_TERMS, CREATED_ON, CREATED_BY)
VALUES (seq_vendor.NEXTVAL, 1, 'Energy Equipments Co', 'Jane Kim', 'jane@energyequip.com', '416-200-3004', '120 Solar Rd, Toronto', 'M5H 4A4', 'TAX-1010', 'Net 30', SYSDATE, 'Yvette');









-- ============================================
-- 10. PRODUCT
-- ============================================
INSERT INTO PRODUCT (PRODUCT_ID, PRODUCT_CODE, PRODUCT_CATEGORY_ID, PRODUCT_NAME, DESCRIPTION, UNIT_OF_MEASURE, REORDER_LEVEL, CREATED_ON, CREATED_BY)
VALUES (seq_product.NEXTVAL, 'PRD-COF-001', 1, 'Espresso Beans', 'Premium roasted espresso beans', 'kg', 10, SYSDATE, 'Aditto');

INSERT INTO PRODUCT (PRODUCT_ID, PRODUCT_CODE, PRODUCT_CATEGORY_ID, PRODUCT_NAME, DESCRIPTION, UNIT_OF_MEASURE, REORDER_LEVEL, CREATED_ON, CREATED_BY)
VALUES (seq_product.NEXTVAL, 'PRD-COF-002', 1, 'Latte Beans', 'Medium roast coffee beans for latte', 'kg', 15, SYSDATE, 'Yvette');

INSERT INTO PRODUCT (PRODUCT_ID, PRODUCT_CODE, PRODUCT_CATEGORY_ID, PRODUCT_NAME, DESCRIPTION, UNIT_OF_MEASURE, REORDER_LEVEL, CREATED_ON, CREATED_BY)
VALUES (seq_product.NEXTVAL, 'PRD-FUR-001', 2, 'Office Chair', 'Ergonomic office chair', 'pcs', 5, SYSDATE, 'Nirja');

INSERT INTO PRODUCT (PRODUCT_ID, PRODUCT_CODE, PRODUCT_CATEGORY_ID, PRODUCT_NAME, DESCRIPTION, UNIT_OF_MEASURE, REORDER_LEVEL, CREATED_ON, CREATED_BY)
VALUES (seq_product.NEXTVAL, 'PRD-FUR-002', 2, 'Dining Table', 'Solid wood dining table', 'pcs', 2, SYSDATE, 'Thu');

INSERT INTO PRODUCT (PRODUCT_ID, PRODUCT_CODE, PRODUCT_CATEGORY_ID, PRODUCT_NAME, DESCRIPTION, UNIT_OF_MEASURE, REORDER_LEVEL, CREATED_ON, CREATED_BY)
VALUES (seq_product.NEXTVAL, 'PRD-SEM-001', 3, 'Microchip A', 'Advanced microchip', 'pcs', 100, SYSDATE, 'Aditto');

INSERT INTO PRODUCT (PRODUCT_ID, PRODUCT_CODE, PRODUCT_CATEGORY_ID, PRODUCT_NAME, DESCRIPTION, UNIT_OF_MEASURE, REORDER_LEVEL, CREATED_ON, CREATED_BY)
VALUES (seq_product.NEXTVAL, 'PRD-SEM-002', 3, 'Microchip B', 'High-speed microchip', 'pcs', 200, SYSDATE, 'Yvette');

INSERT INTO PRODUCT (PRODUCT_ID, PRODUCT_CODE, PRODUCT_CATEGORY_ID, PRODUCT_NAME, DESCRIPTION, UNIT_OF_MEASURE, REORDER_LEVEL, CREATED_ON, CREATED_BY)
VALUES (seq_product.NEXTVAL, 'PRD-COF-003', 1, 'Cappuccino Beans', 'Rich aroma beans for cappuccino', 'kg', 12, SYSDATE, 'Nirja');

INSERT INTO PRODUCT (PRODUCT_ID, PRODUCT_CODE, PRODUCT_CATEGORY_ID, PRODUCT_NAME, DESCRIPTION, UNIT_OF_MEASURE, REORDER_LEVEL, CREATED_ON, CREATED_BY)
VALUES (seq_product.NEXTVAL, 'PRD-FUR-003', 2, 'Bookshelf', 'Wooden bookshelf', 'pcs', 3, SYSDATE, 'Thu');

INSERT INTO PRODUCT (PRODUCT_ID, PRODUCT_CODE, PRODUCT_CATEGORY_ID, PRODUCT_NAME, DESCRIPTION, UNIT_OF_MEASURE, REORDER_LEVEL, CREATED_ON, CREATED_BY)
VALUES (seq_product.NEXTVAL, 'PRD-SEM-003', 3, 'CPU Chip', 'High-performance CPU', 'pcs', 150, SYSDATE, 'Aditto');

INSERT INTO PRODUCT (PRODUCT_ID, PRODUCT_CODE, PRODUCT_CATEGORY_ID, PRODUCT_NAME, DESCRIPTION, UNIT_OF_MEASURE, REORDER_LEVEL, CREATED_ON, CREATED_BY)
VALUES (seq_product.NEXTVAL, 'PRD-COF-004', 1, 'Filter Coffee Beans', 'Light roast coffee beans', 'kg', 20, SYSDATE, 'Yvette');

-- ============================================
-- 11. WAREHOUSE
-- ============================================
INSERT INTO WAREHOUSE (WAREHOUSE_ID, WAREHOUSE_NAME, LOCATION, ADDRESS, POSTAL_CODE, DEPARTMENT_ID, MANAGER_ID, STORAGE_CAPACITY, CREATED_ON, CREATED_BY)
VALUES (seq_warehouse.NEXTVAL, 'Toronto Main WH', 'Toronto', '100 Queen St, Toronto', 'M5H 2N2', 2, 2, 5000, SYSDATE, 'Aditto');

INSERT INTO WAREHOUSE (WAREHOUSE_ID, WAREHOUSE_NAME, LOCATION, ADDRESS, POSTAL_CODE, DEPARTMENT_ID, MANAGER_ID, STORAGE_CAPACITY, CREATED_ON, CREATED_BY)
VALUES (seq_warehouse.NEXTVAL, 'Toronto Secondary WH', 'Toronto', '200 King St, Toronto', 'M5H 3P4', 7, 5, 4000, SYSDATE, 'Yvette');

INSERT INTO WAREHOUSE (WAREHOUSE_ID, WAREHOUSE_NAME, LOCATION, ADDRESS, POSTAL_CODE, DEPARTMENT_ID, MANAGER_ID, STORAGE_CAPACITY, CREATED_ON, CREATED_BY)
VALUES (seq_warehouse.NEXTVAL, 'San Jose WH', 'San Jose', '150 Silicon Rd, San Jose', '95134', 9, 3, 10000, SYSDATE, 'Nirja');

INSERT INTO WAREHOUSE (WAREHOUSE_ID, WAREHOUSE_NAME, LOCATION, ADDRESS, POSTAL_CODE, DEPARTMENT_ID, MANAGER_ID, STORAGE_CAPACITY, CREATED_ON, CREATED_BY)
VALUES (seq_warehouse.NEXTVAL, 'Toronto Cold Storage', 'Toronto', '50 Queen St, Toronto', 'M5H 2M2', 2, 6, 2000, SYSDATE, 'Thu');

INSERT INTO WAREHOUSE (WAREHOUSE_ID, WAREHOUSE_NAME, LOCATION, ADDRESS, POSTAL_CODE, DEPARTMENT_ID, MANAGER_ID, STORAGE_CAPACITY, CREATED_ON, CREATED_BY)
VALUES (seq_warehouse.NEXTVAL, 'Toronto Furniture WH', 'Toronto', '75 King St, Toronto', 'M5H 3P6', 7, 5, 3000, SYSDATE, 'Aditto');

INSERT INTO WAREHOUSE (WAREHOUSE_ID, WAREHOUSE_NAME, LOCATION, ADDRESS, POSTAL_CODE, DEPARTMENT_ID, MANAGER_ID, STORAGE_CAPACITY, CREATED_ON, CREATED_BY)
VALUES (seq_warehouse.NEXTVAL, 'San Jose Tech WH', 'San Jose', '200 Silicon Rd, San Jose', '95134', 9, 4, 12000, SYSDATE, 'Yvette');

INSERT INTO WAREHOUSE (WAREHOUSE_ID, WAREHOUSE_NAME, LOCATION, ADDRESS, POSTAL_CODE, DEPARTMENT_ID, MANAGER_ID, STORAGE_CAPACITY, CREATED_ON, CREATED_BY)
VALUES (seq_warehouse.NEXTVAL, 'Toronto Raw Materials WH', 'Toronto', '88 Wood Lane, Toronto', 'M5H 5B1', 7, 7, 3500, SYSDATE, 'Nirja');

INSERT INTO WAREHOUSE (WAREHOUSE_ID, WAREHOUSE_NAME, LOCATION, ADDRESS, POSTAL_CODE, DEPARTMENT_ID, MANAGER_ID, STORAGE_CAPACITY, CREATED_ON, CREATED_BY)
VALUES (seq_warehouse.NEXTVAL, 'San Jose Assembly WH', 'San Jose', '180 Silicon Rd, San Jose', '95134', 9, 3, 9000, SYSDATE, 'Thu');

INSERT INTO WAREHOUSE (WAREHOUSE_ID, WAREHOUSE_NAME, LOCATION, ADDRESS, POSTAL_CODE, DEPARTMENT_ID, MANAGER_ID, STORAGE_CAPACITY, CREATED_ON, CREATED_BY)
VALUES (seq_warehouse.NEXTVAL, 'Toronto Packaging WH', 'Toronto', '120 Queen St, Toronto', 'M5H 2N7', 2, 2, 2500, SYSDATE, 'Aditto');

INSERT INTO WAREHOUSE (WAREHOUSE_ID, WAREHOUSE_NAME, LOCATION, ADDRESS, POSTAL_CODE, DEPARTMENT_ID, MANAGER_ID, STORAGE_CAPACITY, CREATED_ON, CREATED_BY)
VALUES (seq_warehouse.NEXTVAL, 'San Jose Finished Goods WH', 'San Jose', '220 Silicon Rd, San Jose', '95134', 9, 4, 11000, SYSDATE, 'Yvette');

-- ============================================
-- 12. INVENTORY
-- ============================================
INSERT INTO INVENTORY (INVENTORY_ID, PRODUCT_ID, WAREHOUSE_ID, QUANTITY_ON_HAND, QUANTITY_RESERVED, QUANTITY_AVAILABLE, LAST_STOCK_CHECK, COST_PER_UNIT, CREATED_ON, CREATED_BY)
VALUES (seq_inventory.NEXTVAL, 1, 1, 100, 20, 80, SYSDATE, 15.50, SYSDATE, 'Aditto');

INSERT INTO INVENTORY (INVENTORY_ID, PRODUCT_ID, WAREHOUSE_ID, QUANTITY_ON_HAND, QUANTITY_RESERVED, QUANTITY_AVAILABLE, LAST_STOCK_CHECK, COST_PER_UNIT, CREATED_ON, CREATED_BY)
VALUES (seq_inventory.NEXTVAL, 2, 1, 150, 30, 120, SYSDATE, 16.00, SYSDATE, 'Yvette');

INSERT INTO INVENTORY (INVENTORY_ID, PRODUCT_ID, WAREHOUSE_ID, QUANTITY_ON_HAND, QUANTITY_RESERVED, QUANTITY_AVAILABLE, LAST_STOCK_CHECK, COST_PER_UNIT, CREATED_ON, CREATED_BY)
VALUES (seq_inventory.NEXTVAL, 3, 5, 50, 5, 45, SYSDATE, 120.00, SYSDATE, 'Nirja');

INSERT INTO INVENTORY (INVENTORY_ID, PRODUCT_ID, WAREHOUSE_ID, QUANTITY_ON_HAND, QUANTITY_RESERVED, QUANTITY_AVAILABLE, LAST_STOCK_CHECK, COST_PER_UNIT, CREATED_ON, CREATED_BY)
VALUES (seq_inventory.NEXTVAL, 4, 5, 20, 2, 18, SYSDATE, 250.00, SYSDATE, 'Thu');

INSERT INTO INVENTORY (INVENTORY_ID, PRODUCT_ID, WAREHOUSE_ID, QUANTITY_ON_HAND, QUANTITY_RESERVED, QUANTITY_AVAILABLE, LAST_STOCK_CHECK, COST_PER_UNIT, CREATED_ON, CREATED_BY)
VALUES (seq_inventory.NEXTVAL, 5, 3, 1000, 100, 900, SYSDATE, 1.50, SYSDATE, 'Aditto');

INSERT INTO INVENTORY (INVENTORY_ID, PRODUCT_ID, WAREHOUSE_ID, QUANTITY_ON_HAND, QUANTITY_RESERVED, QUANTITY_AVAILABLE, LAST_STOCK_CHECK, COST_PER_UNIT, CREATED_ON, CREATED_BY)
VALUES (seq_inventory.NEXTVAL, 6, 6, 2000, 300, 1700, SYSDATE, 2.00, SYSDATE, 'Yvette');

INSERT INTO INVENTORY (INVENTORY_ID, PRODUCT_ID, WAREHOUSE_ID, QUANTITY_ON_HAND, QUANTITY_RESERVED, QUANTITY_AVAILABLE, LAST_STOCK_CHECK, COST_PER_UNIT, CREATED_ON, CREATED_BY)
VALUES (seq_inventory.NEXTVAL, 7, 1, 120, 25, 95, SYSDATE, 16.50, SYSDATE, 'Nirja');

INSERT INTO INVENTORY (INVENTORY_ID, PRODUCT_ID, WAREHOUSE_ID, QUANTITY_ON_HAND, QUANTITY_RESERVED, QUANTITY_AVAILABLE, LAST_STOCK_CHECK, COST_PER_UNIT, CREATED_ON, CREATED_BY)
VALUES (seq_inventory.NEXTVAL, 8, 5, 30, 5, 25, SYSDATE, 180.00, SYSDATE, 'Thu');

INSERT INTO INVENTORY (INVENTORY_ID, PRODUCT_ID, WAREHOUSE_ID, QUANTITY_ON_HAND, QUANTITY_RESERVED, QUANTITY_AVAILABLE, LAST_STOCK_CHECK, COST_PER_UNIT, CREATED_ON, CREATED_BY)
VALUES (seq_inventory.NEXTVAL, 9, 6, 1500, 200, 1300, SYSDATE, 3.50, SYSDATE, 'Aditto');

INSERT INTO INVENTORY (INVENTORY_ID, PRODUCT_ID, WAREHOUSE_ID, QUANTITY_ON_HAND, QUANTITY_RESERVED, QUANTITY_AVAILABLE, LAST_STOCK_CHECK, COST_PER_UNIT, CREATED_ON, CREATED_BY)
VALUES (seq_inventory.NEXTVAL, 10, 1, 200, 50, 150, SYSDATE, 14.00, SYSDATE, 'Yvette');












-- ============================================
-- 13. MATERIAL
-- ============================================
INSERT INTO MATERIAL (MATERIAL_ID, MATERIAL_CODE, MATERIAL_NAME, DESCRIPTION, UNIT_OF_MEASURE, CREATED_ON, CREATED_BY)
VALUES (seq_material.NEXTVAL, 'MAT-COF-001', 'Coffee Beans Raw', 'Raw coffee beans for roasting', 'kg', SYSDATE, 'Aditto');

INSERT INTO MATERIAL (MATERIAL_ID, MATERIAL_CODE, MATERIAL_NAME, DESCRIPTION, UNIT_OF_MEASURE, CREATED_ON, CREATED_BY)
VALUES (seq_material.NEXTVAL, 'MAT-COF-002', 'Milk Powder', 'Powdered milk for coffee products', 'kg', SYSDATE, 'Yvette');

INSERT INTO MATERIAL (MATERIAL_ID, MATERIAL_CODE, MATERIAL_NAME, DESCRIPTION, UNIT_OF_MEASURE, CREATED_ON, CREATED_BY)
VALUES (seq_material.NEXTVAL, 'MAT-FUR-001', 'Wood Planks', 'Oak wood planks for furniture', 'pcs', SYSDATE, 'Nirja');

INSERT INTO MATERIAL (MATERIAL_ID, MATERIAL_CODE, MATERIAL_NAME, DESCRIPTION, UNIT_OF_MEASURE, CREATED_ON, CREATED_BY)
VALUES (seq_material.NEXTVAL, 'MAT-FUR-002', 'Screws & Nails', 'Hardware for furniture assembly', 'kg', SYSDATE, 'Thu');

INSERT INTO MATERIAL (MATERIAL_ID, MATERIAL_CODE, MATERIAL_NAME, DESCRIPTION, UNIT_OF_MEASURE, CREATED_ON, CREATED_BY)
VALUES (seq_material.NEXTVAL, 'MAT-SEM-001', 'Silicon Wafer', 'Semiconductor silicon wafer', 'pcs', SYSDATE, 'Aditto');

INSERT INTO MATERIAL (MATERIAL_ID, MATERIAL_CODE, MATERIAL_NAME, DESCRIPTION, UNIT_OF_MEASURE, CREATED_ON, CREATED_BY)
VALUES (seq_material.NEXTVAL, 'MAT-SEM-002', 'Chip Packaging Material', 'Materials for packaging chips', 'pcs', SYSDATE, 'Yvette');

INSERT INTO MATERIAL (MATERIAL_ID, MATERIAL_CODE, MATERIAL_NAME, DESCRIPTION, UNIT_OF_MEASURE, CREATED_ON, CREATED_BY)
VALUES (seq_material.NEXTVAL, 'MAT-COF-003', 'Sugar', 'Granulated sugar for coffee products', 'kg', SYSDATE, 'Nirja');

INSERT INTO MATERIAL (MATERIAL_ID, MATERIAL_CODE, MATERIAL_NAME, DESCRIPTION, UNIT_OF_MEASURE, CREATED_ON, CREATED_BY)
VALUES (seq_material.NEXTVAL, 'MAT-FUR-003', 'Varnish', 'Wood varnish for finishing furniture', 'liters', SYSDATE, 'Thu');

INSERT INTO MATERIAL (MATERIAL_ID, MATERIAL_CODE, MATERIAL_NAME, DESCRIPTION, UNIT_OF_MEASURE, CREATED_ON, CREATED_BY)
VALUES (seq_material.NEXTVAL, 'MAT-SEM-003', 'Circuit Boards', 'Printed circuit boards for chips', 'pcs', SYSDATE, 'Aditto');

INSERT INTO MATERIAL (MATERIAL_ID, MATERIAL_CODE, MATERIAL_NAME, DESCRIPTION, UNIT_OF_MEASURE, CREATED_ON, CREATED_BY)
VALUES (seq_material.NEXTVAL, 'MAT-COF-004', 'Coffee Filters', 'Paper coffee filters', 'pcs', SYSDATE, 'Yvette');

-- ============================================
-- 14. BILL_OF_MATERIAL
-- ============================================
INSERT INTO BILL_OF_MATERIAL (PRODUCT_ID, MATERIAL_ID, COMPONENT_QUANTITY, UNIT_OF_MEASURE, CREATED_ON, CREATED_BY)
VALUES (1, 1, 2, 'kg', SYSDATE, 'Aditto');

INSERT INTO BILL_OF_MATERIAL (PRODUCT_ID, MATERIAL_ID, COMPONENT_QUANTITY, UNIT_OF_MEASURE, CREATED_ON, CREATED_BY)
VALUES (1, 2, 0.5, 'kg', SYSDATE, 'Yvette');

INSERT INTO BILL_OF_MATERIAL (PRODUCT_ID, MATERIAL_ID, COMPONENT_QUANTITY, UNIT_OF_MEASURE, CREATED_ON, CREATED_BY)
VALUES (4, 3, 5, 'pcs', SYSDATE, 'Nirja');

INSERT INTO BILL_OF_MATERIAL (PRODUCT_ID, MATERIAL_ID, COMPONENT_QUANTITY, UNIT_OF_MEASURE, CREATED_ON, CREATED_BY)
VALUES (4, 4, 1, 'kg', SYSDATE, 'Thu');

INSERT INTO BILL_OF_MATERIAL (PRODUCT_ID, MATERIAL_ID, COMPONENT_QUANTITY, UNIT_OF_MEASURE, CREATED_ON, CREATED_BY)
VALUES (5, 5, 1, 'pcs', SYSDATE, 'Aditto');

INSERT INTO BILL_OF_MATERIAL (PRODUCT_ID, MATERIAL_ID, COMPONENT_QUANTITY, UNIT_OF_MEASURE, CREATED_ON, CREATED_BY)
VALUES (5, 6, 1, 'pcs', SYSDATE, 'Yvette');

INSERT INTO BILL_OF_MATERIAL (PRODUCT_ID, MATERIAL_ID, COMPONENT_QUANTITY, UNIT_OF_MEASURE, CREATED_ON, CREATED_BY)
VALUES (2, 1, 1.5, 'kg', SYSDATE, 'Nirja');

INSERT INTO BILL_OF_MATERIAL (PRODUCT_ID, MATERIAL_ID, COMPONENT_QUANTITY, UNIT_OF_MEASURE, CREATED_ON, CREATED_BY)
VALUES (2, 3, 2, 'pcs', SYSDATE, 'Thu');

INSERT INTO BILL_OF_MATERIAL (PRODUCT_ID, MATERIAL_ID, COMPONENT_QUANTITY, UNIT_OF_MEASURE, CREATED_ON, CREATED_BY)
VALUES (3, 3, 4, 'pcs', SYSDATE, 'Aditto');

INSERT INTO BILL_OF_MATERIAL (PRODUCT_ID, MATERIAL_ID, COMPONENT_QUANTITY, UNIT_OF_MEASURE, CREATED_ON, CREATED_BY)
VALUES (3, 4, 0.5, 'kg', SYSDATE, 'Yvette');

-- ============================================
-- 15. PURCHASE_ORDER
-- ============================================
INSERT INTO PURCHASE_ORDER (PURCHASE_ORDER_ID, PURCHASE_ORDER_NUMBER, VENDOR_ID, EMPLOYEE_ID, ORDER_DATE, REQUIRED_DELIVERY_DATE, RECEIVED_DATE, ORDER_STATUS, TOTAL_AMOUNT, CREATED_ON, CREATED_BY)
VALUES (seq_purchase_order.NEXTVAL, 'PO-001', 1, 2, SYSDATE, SYSDATE+7, NULL, 'Pending', 500.00, SYSDATE, 'Aditto');

INSERT INTO PURCHASE_ORDER (PURCHASE_ORDER_ID, PURCHASE_ORDER_NUMBER, VENDOR_ID, EMPLOYEE_ID, ORDER_DATE, REQUIRED_DELIVERY_DATE, RECEIVED_DATE, ORDER_STATUS, TOTAL_AMOUNT, CREATED_ON, CREATED_BY)
VALUES (seq_purchase_order.NEXTVAL, 'PO-002', 2, 5, SYSDATE, SYSDATE+10, NULL, 'Pending', 1200.00, SYSDATE, 'Yvette');

INSERT INTO PURCHASE_ORDER (PURCHASE_ORDER_ID, PURCHASE_ORDER_NUMBER, VENDOR_ID, EMPLOYEE_ID, ORDER_DATE, REQUIRED_DELIVERY_DATE, RECEIVED_DATE, ORDER_STATUS, TOTAL_AMOUNT, CREATED_ON, CREATED_BY)
VALUES (seq_purchase_order.NEXTVAL, 'PO-003', 3, 3, SYSDATE, SYSDATE+14, NULL, 'Pending', 2000.00, SYSDATE, 'Nirja');

INSERT INTO PURCHASE_ORDER (PURCHASE_ORDER_ID, PURCHASE_ORDER_NUMBER, VENDOR_ID, EMPLOYEE_ID, ORDER_DATE, REQUIRED_DELIVERY_DATE, RECEIVED_DATE, ORDER_STATUS, TOTAL_AMOUNT, CREATED_ON, CREATED_BY)
VALUES (seq_purchase_order.NEXTVAL, 'PO-004', 1, 6, SYSDATE, SYSDATE+5, NULL, 'Pending', 300.00, SYSDATE, 'Thu');

INSERT INTO PURCHASE_ORDER (PURCHASE_ORDER_ID, PURCHASE_ORDER_NUMBER, VENDOR_ID, EMPLOYEE_ID, ORDER_DATE, REQUIRED_DELIVERY_DATE, RECEIVED_DATE, ORDER_STATUS, TOTAL_AMOUNT, CREATED_ON, CREATED_BY)
VALUES (seq_purchase_order.NEXTVAL, 'PO-005', 2, 7, SYSDATE, SYSDATE+12, NULL, 'Pending', 1500.00, SYSDATE, 'Aditto');

INSERT INTO PURCHASE_ORDER (PURCHASE_ORDER_ID, PURCHASE_ORDER_NUMBER, VENDOR_ID, EMPLOYEE_ID, ORDER_DATE, REQUIRED_DELIVERY_DATE, RECEIVED_DATE, ORDER_STATUS, TOTAL_AMOUNT, CREATED_ON, CREATED_BY)
VALUES (seq_purchase_order.NEXTVAL, 'PO-006', 3, 4, SYSDATE, SYSDATE+15, NULL, 'Pending', 2500.00, SYSDATE, 'Yvette');

INSERT INTO PURCHASE_ORDER (PURCHASE_ORDER_ID, PURCHASE_ORDER_NUMBER, VENDOR_ID, EMPLOYEE_ID, ORDER_DATE, REQUIRED_DELIVERY_DATE, RECEIVED_DATE, ORDER_STATUS, TOTAL_AMOUNT, CREATED_ON, CREATED_BY)
VALUES (seq_purchase_order.NEXTVAL, 'PO-007', 1, 2, SYSDATE, SYSDATE+8, NULL, 'Pending', 400.00, SYSDATE, 'Nirja');

INSERT INTO PURCHASE_ORDER (PURCHASE_ORDER_ID, PURCHASE_ORDER_NUMBER, VENDOR_ID, EMPLOYEE_ID, ORDER_DATE, REQUIRED_DELIVERY_DATE, RECEIVED_DATE, ORDER_STATUS, TOTAL_AMOUNT, CREATED_ON, CREATED_BY)
VALUES (seq_purchase_order.NEXTVAL, 'PO-008', 2, 5, SYSDATE, SYSDATE+10, NULL, 'Pending', 800.00, SYSDATE, 'Thu');

INSERT INTO PURCHASE_ORDER (PURCHASE_ORDER_ID, PURCHASE_ORDER_NUMBER, VENDOR_ID, EMPLOYEE_ID, ORDER_DATE, REQUIRED_DELIVERY_DATE, RECEIVED_DATE, ORDER_STATUS, TOTAL_AMOUNT, CREATED_ON, CREATED_BY)
VALUES (seq_purchase_order.NEXTVAL, 'PO-009', 3, 3, SYSDATE, SYSDATE+14, NULL, 'Pending', 2200.00, SYSDATE, 'Aditto');

INSERT INTO PURCHASE_ORDER (PURCHASE_ORDER_ID, PURCHASE_ORDER_NUMBER, VENDOR_ID, EMPLOYEE_ID, ORDER_DATE, REQUIRED_DELIVERY_DATE, RECEIVED_DATE, ORDER_STATUS, TOTAL_AMOUNT, CREATED_ON, CREATED_BY)
VALUES (seq_purchase_order.NEXTVAL, 'PO-010', 1, 6, SYSDATE, SYSDATE+7, NULL, 'Pending', 600.00, SYSDATE, 'Yvette');

-- ============================================
-- 16. PURCHASE_ORDER_LINE
-- ============================================
INSERT INTO PURCHASE_ORDER_LINE (PURCHASE_ORDER_ID, LINE_NUMBER, MATERIAL_ID, QUANTITY_ORDERED, QUANTITY_RECEIVED, UNIT_COST, LINE_TOTAL, CREATED_ON, CREATED_BY)
VALUES (1, 1, 1, 50, 0, 10.00, 500.00, SYSDATE, 'AAA');

INSERT INTO PURCHASE_ORDER_LINE (PURCHASE_ORDER_ID, LINE_NUMBER, MATERIAL_ID, QUANTITY_ORDERED, QUANTITY_RECEIVED, UNIT_COST, LINE_TOTAL, CREATED_ON, CREATED_BY)
VALUES (2, 1, 3, 20, 0, 60.00, 1200.00, SYSDATE, 'BBB');

INSERT INTO PURCHASE_ORDER_LINE (PURCHASE_ORDER_ID, LINE_NUMBER, MATERIAL_ID, QUANTITY_ORDERED, QUANTITY_RECEIVED, UNIT_COST, LINE_TOTAL, CREATED_ON, CREATED_BY)
VALUES (3, 1, 5, 1000, 0, 2.00, 2000.00, SYSDATE, 'CCC');

INSERT INTO PURCHASE_ORDER_LINE (PURCHASE_ORDER_ID, LINE_NUMBER, MATERIAL_ID, QUANTITY_ORDERED, QUANTITY_RECEIVED, UNIT_COST, LINE_TOTAL, CREATED_ON, CREATED_BY)
VALUES (4, 1, 2, 30, 0, 10.00, 300.00, SYSDATE, 'DDD');

INSERT INTO PURCHASE_ORDER_LINE (PURCHASE_ORDER_ID, LINE_NUMBER, MATERIAL_ID, QUANTITY_ORDERED, QUANTITY_RECEIVED, UNIT_COST, LINE_TOTAL, CREATED_ON, CREATED_BY)
VALUES (5, 1, 4, 25, 0, 60.00, 1500.00, SYSDATE, 'AAA');

INSERT INTO PURCHASE_ORDER_LINE (PURCHASE_ORDER_ID, LINE_NUMBER, MATERIAL_ID, QUANTITY_ORDERED, QUANTITY_RECEIVED, UNIT_COST, LINE_TOTAL, CREATED_ON, CREATED_BY)
VALUES (6, 1, 6, 1250, 0, 2.00, 2500.00, SYSDATE, 'BBB');

INSERT INTO PURCHASE_ORDER_LINE (PURCHASE_ORDER_ID, LINE_NUMBER, MATERIAL_ID, QUANTITY_ORDERED, QUANTITY_RECEIVED, UNIT_COST, LINE_TOTAL, CREATED_ON, CREATED_BY)
VALUES (7, 1, 1, 40, 0, 10.00, 400.00, SYSDATE, 'CCC');

INSERT INTO PURCHASE_ORDER_LINE (PURCHASE_ORDER_ID, LINE_NUMBER, MATERIAL_ID, QUANTITY_ORDERED, QUANTITY_RECEIVED, UNIT_COST, LINE_TOTAL, CREATED_ON, CREATED_BY)
VALUES (8, 1, 3, 20, 0, 40.00, 800.00, SYSDATE, 'DDD');

INSERT INTO PURCHASE_ORDER_LINE (PURCHASE_ORDER_ID, LINE_NUMBER, MATERIAL_ID, QUANTITY_ORDERED, QUANTITY_RECEIVED, UNIT_COST, LINE_TOTAL, CREATED_ON, CREATED_BY)
VALUES (9, 1, 5, 1100, 0, 2.00, 2200.00, SYSDATE, 'AAA');

INSERT INTO PURCHASE_ORDER_LINE (PURCHASE_ORDER_ID, LINE_NUMBER, MATERIAL_ID, QUANTITY_ORDERED, QUANTITY_RECEIVED, UNIT_COST, LINE_TOTAL, CREATED_ON, CREATED_BY)
VALUES (10, 1, 2, 60, 0, 10.00, 600.00, SYSDATE, 'BBB');









-- ============================================
-- 17. SALES_ORDER
-- ============================================
INSERT INTO SALES_ORDER (SALES_ORDER_ID, ORDER_NUMBER, CUSTOMER_ID, ORDER_DATE, REQUIRED_DATE, SHIPPED_DATE, ORDER_STATUS, TOTAL_AMOUNT, PAYMENT_STATUS, CREATED_ON, CREATED_BY)
VALUES (seq_sales_order.NEXTVAL, 'SO-001', 1, SYSDATE, SYSDATE+5, NULL, 'Pending', 150.00, 'Unpaid', SYSDATE, 'Aditto');

INSERT INTO SALES_ORDER (SALES_ORDER_ID, ORDER_NUMBER, CUSTOMER_ID, ORDER_DATE, REQUIRED_DATE, SHIPPED_DATE, ORDER_STATUS, TOTAL_AMOUNT, PAYMENT_STATUS, CREATED_ON, CREATED_BY)
VALUES (seq_sales_order.NEXTVAL, 'SO-002', 2, SYSDATE, SYSDATE+7, NULL, 'Pending', 300.00, 'Unpaid', SYSDATE, 'Yvette');

INSERT INTO SALES_ORDER (SALES_ORDER_ID, ORDER_NUMBER, CUSTOMER_ID, ORDER_DATE, REQUIRED_DATE, SHIPPED_DATE, ORDER_STATUS, TOTAL_AMOUNT, PAYMENT_STATUS, CREATED_ON, CREATED_BY)
VALUES (seq_sales_order.NEXTVAL, 'SO-003', 3, SYSDATE, SYSDATE+10, NULL, 'Pending', 450.00, 'Unpaid', SYSDATE, 'Nirja');

INSERT INTO SALES_ORDER (SALES_ORDER_ID, ORDER_NUMBER, CUSTOMER_ID, ORDER_DATE, REQUIRED_DATE, SHIPPED_DATE, ORDER_STATUS, TOTAL_AMOUNT, PAYMENT_STATUS, CREATED_ON, CREATED_BY)
VALUES (seq_sales_order.NEXTVAL, 'SO-004', 4, SYSDATE, SYSDATE+4, NULL, 'Pending', 200.00, 'Unpaid', SYSDATE, 'Thu');

INSERT INTO SALES_ORDER (SALES_ORDER_ID, ORDER_NUMBER, CUSTOMER_ID, ORDER_DATE, REQUIRED_DATE, SHIPPED_DATE, ORDER_STATUS, TOTAL_AMOUNT, PAYMENT_STATUS, CREATED_ON, CREATED_BY)
VALUES (seq_sales_order.NEXTVAL, 'SO-005', 5, SYSDATE, SYSDATE+6, NULL, 'Pending', 1200.00, 'Unpaid', SYSDATE, 'Aditto');

INSERT INTO SALES_ORDER (SALES_ORDER_ID, ORDER_NUMBER, CUSTOMER_ID, ORDER_DATE, REQUIRED_DATE, SHIPPED_DATE, ORDER_STATUS, TOTAL_AMOUNT, PAYMENT_STATUS, CREATED_ON, CREATED_BY)
VALUES (seq_sales_order.NEXTVAL, 'SO-006', 6, SYSDATE, SYSDATE+8, NULL, 'Pending', 700.00, 'Unpaid', SYSDATE, 'Yvette');

INSERT INTO SALES_ORDER (SALES_ORDER_ID, ORDER_NUMBER, CUSTOMER_ID, ORDER_DATE, REQUIRED_DATE, SHIPPED_DATE, ORDER_STATUS, TOTAL_AMOUNT, PAYMENT_STATUS, CREATED_ON, CREATED_BY)
VALUES (seq_sales_order.NEXTVAL, 'SO-007', 7, SYSDATE, SYSDATE+3, NULL, 'Pending', 350.00, 'Unpaid', SYSDATE, 'Nirja');

INSERT INTO SALES_ORDER (SALES_ORDER_ID, ORDER_NUMBER, CUSTOMER_ID, ORDER_DATE, REQUIRED_DATE, SHIPPED_DATE, ORDER_STATUS, TOTAL_AMOUNT, PAYMENT_STATUS, CREATED_ON, CREATED_BY)
VALUES (seq_sales_order.NEXTVAL, 'SO-008', 8, SYSDATE, SYSDATE+5, NULL, 'Pending', 500.00, 'Unpaid', SYSDATE, 'Thu');

INSERT INTO SALES_ORDER (SALES_ORDER_ID, ORDER_NUMBER, CUSTOMER_ID, ORDER_DATE, REQUIRED_DATE, SHIPPED_DATE, ORDER_STATUS, TOTAL_AMOUNT, PAYMENT_STATUS, CREATED_ON, CREATED_BY)
VALUES (seq_sales_order.NEXTVAL, 'SO-009', 9, SYSDATE, SYSDATE+9, NULL, 'Pending', 900.00, 'Unpaid', SYSDATE, 'Aditto');

INSERT INTO SALES_ORDER (SALES_ORDER_ID, ORDER_NUMBER, CUSTOMER_ID, ORDER_DATE, REQUIRED_DATE, SHIPPED_DATE, ORDER_STATUS, TOTAL_AMOUNT, PAYMENT_STATUS, CREATED_ON, CREATED_BY)
VALUES (seq_sales_order.NEXTVAL, 'SO-010', 10, SYSDATE, SYSDATE+7, NULL, 'Pending', 600.00, 'Unpaid', SYSDATE, 'Yvette');

-- ============================================
-- 18. SALES_ORDER_LINE
-- ============================================
INSERT INTO SALES_ORDER_LINE (SALES_ORDER_ID, LINE_NUMBER, PRODUCT_ID, QUANTITY_ORDERED, QUANTITY_SHIPPED, UNIT_PRICE, DISCOUNT_PERCENTAGE, LINE_TOTAL, CREATED_ON, CREATED_BY)
VALUES (1, 1, 1, 5, 0, 15.00, 0, 75.00, SYSDATE, 'Aditto');

INSERT INTO SALES_ORDER_LINE (SALES_ORDER_ID, LINE_NUMBER, PRODUCT_ID, QUANTITY_ORDERED, QUANTITY_SHIPPED, UNIT_PRICE, DISCOUNT_PERCENTAGE, LINE_TOTAL, CREATED_ON, CREATED_BY)
VALUES (1, 2, 2, 5, 0, 15.00, 0, 75.00, SYSDATE, 'Yvette');

INSERT INTO SALES_ORDER_LINE (SALES_ORDER_ID, LINE_NUMBER, PRODUCT_ID, QUANTITY_ORDERED, QUANTITY_SHIPPED, UNIT_PRICE, DISCOUNT_PERCENTAGE, LINE_TOTAL, CREATED_ON, CREATED_BY)
VALUES (2, 1, 3, 10, 0, 30.00, 0, 300.00, SYSDATE, 'Nirja');

INSERT INTO SALES_ORDER_LINE (SALES_ORDER_ID, LINE_NUMBER, PRODUCT_ID, QUANTITY_ORDERED, QUANTITY_SHIPPED, UNIT_PRICE, DISCOUNT_PERCENTAGE, LINE_TOTAL, CREATED_ON, CREATED_BY)
VALUES (3, 1, 4, 3, 0, 150.00, 0, 450.00, SYSDATE, 'Thu');

INSERT INTO SALES_ORDER_LINE (SALES_ORDER_ID, LINE_NUMBER, PRODUCT_ID, QUANTITY_ORDERED, QUANTITY_SHIPPED, UNIT_PRICE, DISCOUNT_PERCENTAGE, LINE_TOTAL, CREATED_ON, CREATED_BY)
VALUES (4, 1, 1, 8, 0, 25.00, 0, 200.00, SYSDATE, 'Aditto');

INSERT INTO SALES_ORDER_LINE (SALES_ORDER_ID, LINE_NUMBER, PRODUCT_ID, QUANTITY_ORDERED, QUANTITY_SHIPPED, UNIT_PRICE, DISCOUNT_PERCENTAGE, LINE_TOTAL, CREATED_ON, CREATED_BY)
VALUES (5, 1, 5, 12, 0, 100.00, 0, 1200.00, SYSDATE, 'Yvette');

INSERT INTO SALES_ORDER_LINE (SALES_ORDER_ID, LINE_NUMBER, PRODUCT_ID, QUANTITY_ORDERED, QUANTITY_SHIPPED, UNIT_PRICE, DISCOUNT_PERCENTAGE, LINE_TOTAL, CREATED_ON, CREATED_BY)
VALUES (6, 1, 6, 7, 0, 100.00, 0, 700.00, SYSDATE, 'Nirja');

INSERT INTO SALES_ORDER_LINE (SALES_ORDER_ID, LINE_NUMBER, PRODUCT_ID, QUANTITY_ORDERED, QUANTITY_SHIPPED, UNIT_PRICE, DISCOUNT_PERCENTAGE, LINE_TOTAL, CREATED_ON, CREATED_BY)
VALUES (7, 1, 7, 5, 0, 70.00, 0, 350.00, SYSDATE, 'Thu');

INSERT INTO SALES_ORDER_LINE (SALES_ORDER_ID, LINE_NUMBER, PRODUCT_ID, QUANTITY_ORDERED, QUANTITY_SHIPPED, UNIT_PRICE, DISCOUNT_PERCENTAGE, LINE_TOTAL, CREATED_ON, CREATED_BY)
VALUES (8, 1, 8, 10, 0, 50.00, 0, 500.00, SYSDATE, 'Aditto');

INSERT INTO SALES_ORDER_LINE (SALES_ORDER_ID, LINE_NUMBER, PRODUCT_ID, QUANTITY_ORDERED, QUANTITY_SHIPPED, UNIT_PRICE, DISCOUNT_PERCENTAGE, LINE_TOTAL, CREATED_ON, CREATED_BY)
VALUES (9, 1, 9, 9, 0, 100.00, 0, 900.00, SYSDATE, 'Yvette');

-- ============================================
-- 19. INVOICE
-- ============================================
INSERT INTO INVOICE (INVOICE_ID, INVOICE_NUMBER, SALES_ORDER_ID, CUSTOMER_ID, INVOICE_DATE, DUE_DATE, SUB_TOTAL, TAX_AMOUNT, TOTAL_AMOUNT, INVOICE_STATUS, PAYMENT_METHOD, CREATED_ON, CREATED_BY)
VALUES (seq_invoice.NEXTVAL, 'INV-001', 1, 1, SYSDATE, SYSDATE+30, 150.00, 7.50, 157.50, 'Pending', 'Credit Card', SYSDATE, 'Aditto');

INSERT INTO INVOICE (INVOICE_ID, INVOICE_NUMBER, SALES_ORDER_ID, CUSTOMER_ID, INVOICE_DATE, DUE_DATE, SUB_TOTAL, TAX_AMOUNT, TOTAL_AMOUNT, INVOICE_STATUS, PAYMENT_METHOD, CREATED_ON, CREATED_BY)
VALUES (seq_invoice.NEXTVAL, 'INV-002', 2, 2, SYSDATE, SYSDATE+30, 300.00, 15.00, 315.00, 'Pending', 'Bank Transfer', SYSDATE, 'Yvette');

INSERT INTO INVOICE (INVOICE_ID, INVOICE_NUMBER, SALES_ORDER_ID, CUSTOMER_ID, INVOICE_DATE, DUE_DATE, SUB_TOTAL, TAX_AMOUNT, TOTAL_AMOUNT, INVOICE_STATUS, PAYMENT_METHOD, CREATED_ON, CREATED_BY)
VALUES (seq_invoice.NEXTVAL, 'INV-003', 3, 3, SYSDATE, SYSDATE+30, 450.00, 22.50, 472.50, 'Pending', 'Credit Card', SYSDATE, 'Nirja');

INSERT INTO INVOICE (INVOICE_ID, INVOICE_NUMBER, SALES_ORDER_ID, CUSTOMER_ID, INVOICE_DATE, DUE_DATE, SUB_TOTAL, TAX_AMOUNT, TOTAL_AMOUNT, INVOICE_STATUS, PAYMENT_METHOD, CREATED_ON, CREATED_BY)
VALUES (seq_invoice.NEXTVAL, 'INV-004', 4, 4, SYSDATE, SYSDATE+30, 200.00, 10.00, 210.00, 'Pending', 'Bank Transfer', SYSDATE, 'Thu');

INSERT INTO INVOICE (INVOICE_ID, INVOICE_NUMBER, SALES_ORDER_ID, CUSTOMER_ID, INVOICE_DATE, DUE_DATE, SUB_TOTAL, TAX_AMOUNT, TOTAL_AMOUNT, INVOICE_STATUS, PAYMENT_METHOD, CREATED_ON, CREATED_BY)
VALUES (seq_invoice.NEXTVAL, 'INV-005', 5, 5, SYSDATE, SYSDATE+30, 1200.00, 60.00, 1260.00, 'Pending', 'Credit Card', SYSDATE, 'Aditto');

INSERT INTO INVOICE (INVOICE_ID, INVOICE_NUMBER, SALES_ORDER_ID, CUSTOMER_ID, INVOICE_DATE, DUE_DATE, SUB_TOTAL, TAX_AMOUNT, TOTAL_AMOUNT, INVOICE_STATUS, PAYMENT_METHOD, CREATED_ON, CREATED_BY)
VALUES (seq_invoice.NEXTVAL, 'INV-006', 6, 6, SYSDATE, SYSDATE+30, 700.00, 35.00, 735.00, 'Pending', 'Bank Transfer', SYSDATE, 'Yvette');

INSERT INTO INVOICE (INVOICE_ID, INVOICE_NUMBER, SALES_ORDER_ID, CUSTOMER_ID, INVOICE_DATE, DUE_DATE, SUB_TOTAL, TAX_AMOUNT, TOTAL_AMOUNT, INVOICE_STATUS, PAYMENT_METHOD, CREATED_ON, CREATED_BY)
VALUES (seq_invoice.NEXTVAL, 'INV-007', 7, 7, SYSDATE, SYSDATE+30, 350.00, 17.50, 367.50, 'Pending', 'Credit Card', SYSDATE, 'Nirja');

INSERT INTO INVOICE (INVOICE_ID, INVOICE_NUMBER, SALES_ORDER_ID, CUSTOMER_ID, INVOICE_DATE, DUE_DATE, SUB_TOTAL, TAX_AMOUNT, TOTAL_AMOUNT, INVOICE_STATUS, PAYMENT_METHOD, CREATED_ON, CREATED_BY)
VALUES (seq_invoice.NEXTVAL, 'INV-008', 8, 8, SYSDATE, SYSDATE+30, 500.00, 25.00, 525.00, 'Pending', 'Bank Transfer', SYSDATE, 'Thu');

INSERT INTO INVOICE (INVOICE_ID, INVOICE_NUMBER, SALES_ORDER_ID, CUSTOMER_ID, INVOICE_DATE, DUE_DATE, SUB_TOTAL, TAX_AMOUNT, TOTAL_AMOUNT, INVOICE_STATUS, PAYMENT_METHOD, CREATED_ON, CREATED_BY)
VALUES (seq_invoice.NEXTVAL, 'INV-009', 9, 9, SYSDATE, SYSDATE+30, 900.00, 45.00, 945.00, 'Pending', 'Credit Card', SYSDATE, 'Aditto');

INSERT INTO INVOICE (INVOICE_ID, INVOICE_NUMBER, SALES_ORDER_ID, CUSTOMER_ID, INVOICE_DATE, DUE_DATE, SUB_TOTAL, TAX_AMOUNT, TOTAL_AMOUNT, INVOICE_STATUS, PAYMENT_METHOD, CREATED_ON, CREATED_BY)
VALUES (seq_invoice.NEXTVAL, 'INV-010', 10, 10, SYSDATE, SYSDATE+30, 600.00, 30.00, 630.00, 'Pending', 'Bank Transfer', SYSDATE, 'Yvette');





-- ============================================
-- 20. PAYMENT
-- ============================================
INSERT INTO PAYMENT (PAYMENT_ID, PAYMENT_DATE, PAYMENT_AMOUNT, PAYMENT_METHOD, TRANSACTION_ID, PAYMENT_STATUS, CREATED_ON, CREATED_BY)
VALUES (seq_payment.NEXTVAL, SYSDATE, 157.50, 'Credit Card', 'TXN001', 'Completed', SYSDATE, 'Aditto');

INSERT INTO PAYMENT (PAYMENT_ID, PAYMENT_DATE, PAYMENT_AMOUNT, PAYMENT_METHOD, TRANSACTION_ID, PAYMENT_STATUS, CREATED_ON, CREATED_BY)
VALUES (seq_payment.NEXTVAL, SYSDATE, 315.00, 'Bank Transfer', 'TXN002', 'Completed', SYSDATE, 'Yvette');

INSERT INTO PAYMENT (PAYMENT_ID, PAYMENT_DATE, PAYMENT_AMOUNT, PAYMENT_METHOD, TRANSACTION_ID, PAYMENT_STATUS, CREATED_ON, CREATED_BY)
VALUES (seq_payment.NEXTVAL, SYSDATE, 472.50, 'Credit Card', 'TXN003', 'Completed', SYSDATE, 'Nirja');

INSERT INTO PAYMENT (PAYMENT_ID, PAYMENT_DATE, PAYMENT_AMOUNT, PAYMENT_METHOD, TRANSACTION_ID, PAYMENT_STATUS, CREATED_ON, CREATED_BY)
VALUES (seq_payment.NEXTVAL, SYSDATE, 210.00, 'Bank Transfer', 'TXN004', 'Pending', SYSDATE, 'Thu');

INSERT INTO PAYMENT (PAYMENT_ID, PAYMENT_DATE, PAYMENT_AMOUNT, PAYMENT_METHOD, TRANSACTION_ID, PAYMENT_STATUS, CREATED_ON, CREATED_BY)
VALUES (seq_payment.NEXTVAL, SYSDATE, 1260.00, 'Credit Card', 'TXN005', 'Completed', SYSDATE, 'Aditto');

INSERT INTO PAYMENT (PAYMENT_ID, PAYMENT_DATE, PAYMENT_AMOUNT, PAYMENT_METHOD, TRANSACTION_ID, PAYMENT_STATUS, CREATED_ON, CREATED_BY)
VALUES (seq_payment.NEXTVAL, SYSDATE, 735.00, 'Bank Transfer', 'TXN006', 'Pending', SYSDATE, 'Yvette');

INSERT INTO PAYMENT (PAYMENT_ID, PAYMENT_DATE, PAYMENT_AMOUNT, PAYMENT_METHOD, TRANSACTION_ID, PAYMENT_STATUS, CREATED_ON, CREATED_BY)
VALUES (seq_payment.NEXTVAL, SYSDATE, 367.50, 'Credit Card', 'TXN007', 'Completed', SYSDATE, 'Nirja');

INSERT INTO PAYMENT (PAYMENT_ID, PAYMENT_DATE, PAYMENT_AMOUNT, PAYMENT_METHOD, TRANSACTION_ID, PAYMENT_STATUS, CREATED_ON, CREATED_BY)
VALUES (seq_payment.NEXTVAL, SYSDATE, 525.00, 'Bank Transfer', 'TXN008', 'Pending', SYSDATE, 'Thu');

INSERT INTO PAYMENT (PAYMENT_ID, PAYMENT_DATE, PAYMENT_AMOUNT, PAYMENT_METHOD, TRANSACTION_ID, PAYMENT_STATUS, CREATED_ON, CREATED_BY)
VALUES (seq_payment.NEXTVAL, SYSDATE, 945.00, 'Credit Card', 'TXN009', 'Completed', SYSDATE, 'Aditto');

INSERT INTO PAYMENT (PAYMENT_ID, PAYMENT_DATE, PAYMENT_AMOUNT, PAYMENT_METHOD, TRANSACTION_ID, PAYMENT_STATUS, CREATED_ON, CREATED_BY)
VALUES (seq_payment.NEXTVAL, SYSDATE, 630.00, 'Bank Transfer', 'TXN010', 'Pending', SYSDATE, 'Yvette');

-- ============================================
-- 21. INVOICE_PAYMENT_LINK
-- ============================================
INSERT INTO INVOICE_PAYMENT_LINK (INVOICE_ID, PAYMENT_ID, AMOUNT_APPLIED, CREATED_ON, CREATED_BY)
VALUES (1, 1, 157.50, SYSDATE, 'Aditto');

INSERT INTO INVOICE_PAYMENT_LINK (INVOICE_ID, PAYMENT_ID, AMOUNT_APPLIED, CREATED_ON, CREATED_BY)
VALUES (2, 2, 315.00, SYSDATE, 'Yvette');

INSERT INTO INVOICE_PAYMENT_LINK (INVOICE_ID, PAYMENT_ID, AMOUNT_APPLIED, CREATED_ON, CREATED_BY)
VALUES (3, 3, 472.50, SYSDATE, 'Nirja');

INSERT INTO INVOICE_PAYMENT_LINK (INVOICE_ID, PAYMENT_ID, AMOUNT_APPLIED, CREATED_ON, CREATED_BY)
VALUES (4, 4, 210.00, SYSDATE, 'Thu');

INSERT INTO INVOICE_PAYMENT_LINK (INVOICE_ID, PAYMENT_ID, AMOUNT_APPLIED, CREATED_ON, CREATED_BY)
VALUES (5, 5, 1260.00, SYSDATE, 'Aditto');

INSERT INTO INVOICE_PAYMENT_LINK (INVOICE_ID, PAYMENT_ID, AMOUNT_APPLIED, CREATED_ON, CREATED_BY)
VALUES (6, 6, 735.00, SYSDATE, 'Yvette');

INSERT INTO INVOICE_PAYMENT_LINK (INVOICE_ID, PAYMENT_ID, AMOUNT_APPLIED, CREATED_ON, CREATED_BY)
VALUES (7, 7, 367.50, SYSDATE, 'Nirja');

INSERT INTO INVOICE_PAYMENT_LINK (INVOICE_ID, PAYMENT_ID, AMOUNT_APPLIED, CREATED_ON, CREATED_BY)
VALUES (8, 8, 525.00, SYSDATE, 'Thu');

INSERT INTO INVOICE_PAYMENT_LINK (INVOICE_ID, PAYMENT_ID, AMOUNT_APPLIED, CREATED_ON, CREATED_BY)
VALUES (9, 9, 945.00, SYSDATE, 'Aditto');

INSERT INTO INVOICE_PAYMENT_LINK (INVOICE_ID, PAYMENT_ID, AMOUNT_APPLIED, CREATED_ON, CREATED_BY)
VALUES (10, 10, 630.00, SYSDATE, 'Yvette');

-- ============================================
-- 22. SO_PARTNER_LINK
-- ============================================
INSERT INTO SO_PARTNER_LINK (SALES_ORDER_ID, EMPLOYEE_ID, PARTNER_ROLE, CREATED_ON, CREATED_BY)
VALUES (1, 1, 'Sales Rep', SYSDATE, 'Aditto');

INSERT INTO SO_PARTNER_LINK (SALES_ORDER_ID, EMPLOYEE_ID, PARTNER_ROLE, CREATED_ON, CREATED_BY)
VALUES (2, 2, 'Sales Rep', SYSDATE, 'Yvette');

INSERT INTO SO_PARTNER_LINK (SALES_ORDER_ID, EMPLOYEE_ID, PARTNER_ROLE, CREATED_ON, CREATED_BY)
VALUES (3, 3, 'Sales Rep', SYSDATE, 'Nirja');

INSERT INTO SO_PARTNER_LINK (SALES_ORDER_ID, EMPLOYEE_ID, PARTNER_ROLE, CREATED_ON, CREATED_BY)
VALUES (4, 4, 'Sales Rep', SYSDATE, 'Thu');

INSERT INTO SO_PARTNER_LINK (SALES_ORDER_ID, EMPLOYEE_ID, PARTNER_ROLE, CREATED_ON, CREATED_BY)
VALUES (5, 5, 'Sales Rep', SYSDATE, 'Aditto');

INSERT INTO SO_PARTNER_LINK (SALES_ORDER_ID, EMPLOYEE_ID, PARTNER_ROLE, CREATED_ON, CREATED_BY)
VALUES (6, 6, 'Sales Rep', SYSDATE, 'Yvette');

INSERT INTO SO_PARTNER_LINK (SALES_ORDER_ID, EMPLOYEE_ID, PARTNER_ROLE, CREATED_ON, CREATED_BY)
VALUES (7, 7, 'Sales Rep', SYSDATE, 'Nirja');

INSERT INTO SO_PARTNER_LINK (SALES_ORDER_ID, EMPLOYEE_ID, PARTNER_ROLE, CREATED_ON, CREATED_BY)
VALUES (8, 8, 'Sales Rep', SYSDATE, 'Thu');

INSERT INTO SO_PARTNER_LINK (SALES_ORDER_ID, EMPLOYEE_ID, PARTNER_ROLE, CREATED_ON, CREATED_BY)
VALUES (9, 9, 'Sales Rep', SYSDATE, 'Aditto');

INSERT INTO SO_PARTNER_LINK (SALES_ORDER_ID, EMPLOYEE_ID, PARTNER_ROLE, CREATED_ON, CREATED_BY)
VALUES (10, 10, 'Sales Rep', SYSDATE, 'Yvette');

-- ============================================
-- 23. SUPPLIER_CONTRACT
-- ============================================
INSERT INTO SUPPLIER_CONTRACT (SUPPLIER_CONTRACT_ID, VENDOR_ID, COMPANY_ID, START_DATE, END_DATE, DELIVERY_TERMS, PAYMENT_TERMS, CONTRACT_STATUS, CREATED_ON, CREATED_BY)
VALUES (seq_supplier_contract.NEXTVAL, 1, 1, SYSDATE, SYSDATE+365, 'FOB', 'Net 30', 'Active', SYSDATE, 'Aditto');

INSERT INTO SUPPLIER_CONTRACT (SUPPLIER_CONTRACT_ID, VENDOR_ID, COMPANY_ID, START_DATE, END_DATE, DELIVERY_TERMS, PAYMENT_TERMS, CONTRACT_STATUS, CREATED_ON, CREATED_BY)
VALUES (seq_supplier_contract.NEXTVAL, 2, 2, SYSDATE, SYSDATE+365, 'FOB', 'Net 45', 'Active', SYSDATE, 'Yvette');

INSERT INTO SUPPLIER_CONTRACT (SUPPLIER_CONTRACT_ID, VENDOR_ID, COMPANY_ID, START_DATE, END_DATE, DELIVERY_TERMS, PAYMENT_TERMS, CONTRACT_STATUS, CREATED_ON, CREATED_BY)
VALUES (seq_supplier_contract.NEXTVAL, 3, 3, SYSDATE, SYSDATE+365, 'CIF', 'Net 30', 'Active', SYSDATE, 'Nirja');

INSERT INTO SUPPLIER_CONTRACT (SUPPLIER_CONTRACT_ID, VENDOR_ID, COMPANY_ID, START_DATE, END_DATE, DELIVERY_TERMS, PAYMENT_TERMS, CONTRACT_STATUS, CREATED_ON, CREATED_BY)
VALUES (seq_supplier_contract.NEXTVAL, 4, 4, SYSDATE, SYSDATE+365, 'CIF', 'Net 60', 'Active', SYSDATE, 'Thu');

INSERT INTO SUPPLIER_CONTRACT (SUPPLIER_CONTRACT_ID, VENDOR_ID, COMPANY_ID, START_DATE, END_DATE, DELIVERY_TERMS, PAYMENT_TERMS, CONTRACT_STATUS, CREATED_ON, CREATED_BY)
VALUES (seq_supplier_contract.NEXTVAL, 5, 5, SYSDATE, SYSDATE+365, 'FOB', 'Net 30', 'Active', SYSDATE, 'Aditto');

INSERT INTO SUPPLIER_CONTRACT (SUPPLIER_CONTRACT_ID, VENDOR_ID, COMPANY_ID, START_DATE, END_DATE, DELIVERY_TERMS, PAYMENT_TERMS, CONTRACT_STATUS, CREATED_ON, CREATED_BY)
VALUES (seq_supplier_contract.NEXTVAL, 6, 6, SYSDATE, SYSDATE+365, 'CIF', 'Net 45', 'Active', SYSDATE, 'Yvette');

INSERT INTO SUPPLIER_CONTRACT (SUPPLIER_CONTRACT_ID, VENDOR_ID, COMPANY_ID, START_DATE, END_DATE, DELIVERY_TERMS, PAYMENT_TERMS, CONTRACT_STATUS, CREATED_ON, CREATED_BY)
VALUES (seq_supplier_contract.NEXTVAL, 7, 7, SYSDATE, SYSDATE+365, 'FOB', 'Net 60', 'Active', SYSDATE, 'Nirja');

INSERT INTO SUPPLIER_CONTRACT (SUPPLIER_CONTRACT_ID, VENDOR_ID, COMPANY_ID, START_DATE, END_DATE, DELIVERY_TERMS, PAYMENT_TERMS, CONTRACT_STATUS, CREATED_ON, CREATED_BY)
VALUES (seq_supplier_contract.NEXTVAL, 8, 8, SYSDATE, SYSDATE+365, 'CIF', 'Net 30', 'Active', SYSDATE, 'Thu');

INSERT INTO SUPPLIER_CONTRACT (SUPPLIER_CONTRACT_ID, VENDOR_ID, COMPANY_ID, START_DATE, END_DATE, DELIVERY_TERMS, PAYMENT_TERMS, CONTRACT_STATUS, CREATED_ON, CREATED_BY)
VALUES (seq_supplier_contract.NEXTVAL, 9, 9, SYSDATE, SYSDATE+365, 'FOB', 'Net 45', 'Active', SYSDATE, 'Aditto');

INSERT INTO SUPPLIER_CONTRACT (SUPPLIER_CONTRACT_ID, VENDOR_ID, COMPANY_ID, START_DATE, END_DATE, DELIVERY_TERMS, PAYMENT_TERMS, CONTRACT_STATUS, CREATED_ON, CREATED_BY)
VALUES (seq_supplier_contract.NEXTVAL, 10, 10, SYSDATE, SYSDATE+365, 'CIF', 'Net 60', 'Active', SYSDATE, 'Yvette');

-- ============================================
-- Update DEPARTMENT with sample data based on COMPANY Size
-- ============================================

INSERT INTO DEPARTMENT (DEPARTMENT_ID, DEPARTMENT_NAME, DEPARTMENT_CODE, COMPANY_ID, MANAGER_ID, LOCATION, BUDGET, CREATED_ON, CREATED_BY)
VALUES (seq_department.NEXTVAL, 'Sales', 'DPT-SAL', 3, NULL, '5th Floor', 120000, SYSDATE, 'Thu');

INSERT INTO DEPARTMENT (DEPARTMENT_ID, DEPARTMENT_NAME, DEPARTMENT_CODE, COMPANY_ID, MANAGER_ID, LOCATION, BUDGET, CREATED_ON, CREATED_BY)
VALUES (seq_department.NEXTVAL, 'Warehouse', 'DPT-WH', 3, NULL, '5th Floor', 120000, SYSDATE, 'Thu');

INSERT INTO DEPARTMENT (DEPARTMENT_ID, DEPARTMENT_NAME, DEPARTMENT_CODE, COMPANY_ID, MANAGER_ID, LOCATION, BUDGET, CREATED_ON, CREATED_BY)
VALUES (seq_department.NEXTVAL, 'Finance', 'DPT-FIN', 3, NULL, '5th Floor', 120000, SYSDATE, 'Thu');

INSERT INTO DEPARTMENT (DEPARTMENT_ID, DEPARTMENT_NAME, DEPARTMENT_CODE, COMPANY_ID, MANAGER_ID, LOCATION, BUDGET, CREATED_ON, CREATED_BY)
VALUES (seq_department.NEXTVAL, 'HR', 'DPT-HR', 3, NULL, '5th Floor', 120000, SYSDATE, 'Thu');

INSERT INTO DEPARTMENT (DEPARTMENT_ID, DEPARTMENT_NAME, DEPARTMENT_CODE, COMPANY_ID, MANAGER_ID, LOCATION, BUDGET, CREATED_ON, CREATED_BY)
VALUES (seq_department.NEXTVAL, 'Production', 'DPT-PROD', 3, NULL, '5th Floor', 120000, SYSDATE, 'Thu');

INSERT INTO DEPARTMENT (DEPARTMENT_ID, DEPARTMENT_NAME, DEPARTMENT_CODE, COMPANY_ID, MANAGER_ID, LOCATION, BUDGET, CREATED_ON, CREATED_BY)
VALUES (seq_department.NEXTVAL, 'Marketing', 'DPT-MKT', 3, NULL, '5th Floor', 120000, SYSDATE, 'Thu');

INSERT INTO DEPARTMENT (DEPARTMENT_ID, DEPARTMENT_NAME, DEPARTMENT_CODE, COMPANY_ID, MANAGER_ID, LOCATION, BUDGET, CREATED_ON, CREATED_BY)
VALUES (seq_department.NEXTVAL, 'Customer Support', 'DPT-CS', 3, NULL, '5th Floor', 120000, SYSDATE, 'Thu');

UPDATE DEPARTMENT
SET COMPANY_ID = 4
WHERE COMPANY_ID = 1;

INSERT INTO DEPARTMENT (
    DEPARTMENT_ID, 
    DEPARTMENT_NAME, 
    DEPARTMENT_CODE, 
    COMPANY_ID, 
    MANAGER_ID, 
    LOCATION, 
    BUDGET, 
    CREATED_ON, 
    CREATED_BY
)

SELECT 
    seq_department.NEXTVAL, 
    src.DEPARTMENT_NAME,
    src.DEPARTMENT_CODE,
    8,             
    NULL,                    
    src.LOCATION,      
    src.BUDGET,             
    SYSDATE,
    'Thu'
FROM 
    DEPARTMENT src
WHERE 
    src.COMPANY_ID = 3     
    AND src.DEPARTMENT_NAME NOT IN (
        SELECT existing.DEPARTMENT_NAME 
        FROM DEPARTMENT existing 
        WHERE existing.COMPANY_ID = 8
    );

INSERT INTO DEPARTMENT (
    DEPARTMENT_ID, 
    DEPARTMENT_NAME, 
    DEPARTMENT_CODE, 
    COMPANY_ID, 
    MANAGER_ID, 
    LOCATION, 
    BUDGET, 
    CREATED_ON, 
    CREATED_BY
)
SELECT 
    seq_department.NEXTVAL,
    src.DEPARTMENT_NAME,
    src.DEPARTMENT_CODE,
    10,                      
    NULL,
    src.LOCATION,
    src.BUDGET,
    SYSDATE,
    'Thu'
FROM 
    DEPARTMENT src
WHERE 
    src.COMPANY_ID = 3  
    AND src.DEPARTMENT_NAME NOT IN (
        SELECT existing.DEPARTMENT_NAME 
        FROM DEPARTMENT existing 
        WHERE existing.COMPANY_ID = 10
    );

INSERT INTO DEPARTMENT (
    DEPARTMENT_ID, 
    DEPARTMENT_NAME, 
    DEPARTMENT_CODE, 
    COMPANY_ID, 
    MANAGER_ID, 
    LOCATION, 
    BUDGET, 
    CREATED_ON, 
    CREATED_BY
)
SELECT 
    seq_department.NEXTVAL,
    d.DEPARTMENT_NAME,
    d.DEPARTMENT_CODE,
    6,                    
    NULL,                  
    d.LOCATION,
    d.BUDGET,
    SYSDATE,
    'Cloned from Cust 4'
FROM 
    DEPARTMENT d
JOIN 
    CUSTOMER c ON d.COMPANY_ID = c.COMPANY_ID 
WHERE 
    c.CUSTOMER_ID = 4       
    AND NOT EXISTS (        
        SELECT 1 FROM DEPARTMENT existing 
        WHERE existing.COMPANY_ID = 6 
        AND existing.DEPARTMENT_NAME = d.DEPARTMENT_NAME
    );

INSERT INTO DEPARTMENT (
    DEPARTMENT_ID, 
    DEPARTMENT_NAME, 
    DEPARTMENT_CODE, 
    COMPANY_ID, 
    MANAGER_ID, 
    LOCATION, 
    BUDGET, 
    CREATED_ON, 
    CREATED_BY
)
SELECT 
    seq_department.NEXTVAL,
    d.DEPARTMENT_NAME,
    d.DEPARTMENT_CODE,
    9,           
    NULL,
    d.LOCATION,
    d.BUDGET,
    SYSDATE,
    'Cloned from Cust 4'
FROM 
    DEPARTMENT d
JOIN 
    CUSTOMER c ON d.COMPANY_ID = c.COMPANY_ID
WHERE 
    c.CUSTOMER_ID = 4
    AND NOT EXISTS (
        SELECT 1 FROM DEPARTMENT existing 
        WHERE existing.COMPANY_ID = 9 
        AND existing.DEPARTMENT_NAME = d.DEPARTMENT_NAME
    );

INSERT INTO EMPLOYEE (EMPLOYEE_ID, FIRST_NAME, LAST_NAME, EMAIL, PHONE, HIRE_DATE, BIRTH_DATE, DEPARTMENT_ID, JOB_POSITION_ID, SALARY, EMPLOYMENT_STATUS, CREATED_ON, CREATED_BY) VALUES (11, 'Charles', 'Williams', 'c.williams@corp.net', '288-317-8799', TO_DATE('24-DEC-22', 'DD-MON-YY'), TO_DATE('31-MAY-82', 'DD-MON-YY'), 6, 1, 59000, 'Active', TO_DATE('26-NOV-25', 'DD-MON-YY'), 'System');
INSERT INTO EMPLOYEE (EMPLOYEE_ID, FIRST_NAME, LAST_NAME, EMAIL, PHONE, HIRE_DATE, BIRTH_DATE, DEPARTMENT_ID, JOB_POSITION_ID, SALARY, EMPLOYMENT_STATUS, CREATED_ON, CREATED_BY) VALUES (12, 'Thomas', 'Johnson', 't.johnson@enterprise.org', '943-949-3349', TO_DATE('10-APR-22', 'DD-MON-YY'), TO_DATE('09-DEC-88', 'DD-MON-YY'), 6, 8, 84000, 'Active', TO_DATE('26-NOV-25', 'DD-MON-YY'), 'System');
INSERT INTO EMPLOYEE (EMPLOYEE_ID, FIRST_NAME, LAST_NAME, EMAIL, PHONE, HIRE_DATE, BIRTH_DATE, DEPARTMENT_ID, JOB_POSITION_ID, SALARY, EMPLOYMENT_STATUS, CREATED_ON, CREATED_BY) VALUES (13, 'Richard', 'Gonzalez', 'r.gonzalez@enterprise.org', '680-301-6893', TO_DATE('28-NOV-21', 'DD-MON-YY'), TO_DATE('26-FEB-95', 'DD-MON-YY'), 10, 8, 58000, 'Active', TO_DATE('26-NOV-25', 'DD-MON-YY'), 'System');
INSERT INTO EMPLOYEE (EMPLOYEE_ID, FIRST_NAME, LAST_NAME, EMAIL, PHONE, HIRE_DATE, BIRTH_DATE, DEPARTMENT_ID, JOB_POSITION_ID, SALARY, EMPLOYMENT_STATUS, CREATED_ON, CREATED_BY) VALUES (14, 'Susan', 'Rodriguez', 's.rodriguez@corp.net', '700-262-7395', TO_DATE('23-JAN-20', 'DD-MON-YY'), TO_DATE('07-MAR-83', 'DD-MON-YY'), 10, 8, 50000, 'Active', TO_DATE('26-NOV-25', 'DD-MON-YY'), 'System');
INSERT INTO EMPLOYEE (EMPLOYEE_ID, FIRST_NAME, LAST_NAME, EMAIL, PHONE, HIRE_DATE, BIRTH_DATE, DEPARTMENT_ID, JOB_POSITION_ID, SALARY, EMPLOYMENT_STATUS, CREATED_ON, CREATED_BY) VALUES (15, 'Mary', 'Smith', 'm.smith@corp.net', '693-411-8614', TO_DATE('30-NOV-23', 'DD-MON-YY'), TO_DATE('29-JAN-94', 'DD-MON-YY'), 11, 6, 78000, 'Active', TO_DATE('26-NOV-25', 'DD-MON-YY'), 'System');
INSERT INTO EMPLOYEE (EMPLOYEE_ID, FIRST_NAME, LAST_NAME, EMAIL, PHONE, HIRE_DATE, BIRTH_DATE, DEPARTMENT_ID, JOB_POSITION_ID, SALARY, EMPLOYMENT_STATUS, CREATED_ON, CREATED_BY) VALUES (16, 'Barbara', 'Wilson', 'b.wilson@enterprise.org', '752-320-8266', TO_DATE('01-DEC-23', 'DD-MON-YY'), TO_DATE('06-MAR-70', 'DD-MON-YY'), 12, 3, 69000, 'Active', TO_DATE('26-NOV-25', 'DD-MON-YY'), 'System');
INSERT INTO EMPLOYEE (EMPLOYEE_ID, FIRST_NAME, LAST_NAME, EMAIL, PHONE, HIRE_DATE, BIRTH_DATE, DEPARTMENT_ID, JOB_POSITION_ID, SALARY, EMPLOYMENT_STATUS, CREATED_ON, CREATED_BY) VALUES (17, 'Barbara', 'Miller', 'b.miller@corp.net', '693-844-9769', TO_DATE('17-JAN-23', 'DD-MON-YY'), TO_DATE('20-MAY-90', 'DD-MON-YY'), 13, 3, 51000, 'Active', TO_DATE('26-NOV-25', 'DD-MON-YY'), 'System');
INSERT INTO EMPLOYEE (EMPLOYEE_ID, FIRST_NAME, LAST_NAME, EMAIL, PHONE, HIRE_DATE, BIRTH_DATE, DEPARTMENT_ID, JOB_POSITION_ID, SALARY, EMPLOYMENT_STATUS, CREATED_ON, CREATED_BY) VALUES (18, 'Jessica', 'Gonzalez', 'j.gonzalez@corp.net', '457-663-4783', TO_DATE('25-MAY-21', 'DD-MON-YY'), TO_DATE('14-DEC-79', 'DD-MON-YY'), 14, 2, 63000, 'Active', TO_DATE('26-NOV-25', 'DD-MON-YY'), 'System');
INSERT INTO EMPLOYEE (EMPLOYEE_ID, FIRST_NAME, LAST_NAME, EMAIL, PHONE, HIRE_DATE, BIRTH_DATE, DEPARTMENT_ID, JOB_POSITION_ID, SALARY, EMPLOYMENT_STATUS, CREATED_ON, CREATED_BY) VALUES (19, 'Sarah', 'Williams', 's.williams@enterprise.org', '719-761-3602', TO_DATE('25-JUL-21', 'DD-MON-YY'), TO_DATE('28-MAR-97', 'DD-MON-YY'), 15, 10, 77000, 'Active', TO_DATE('26-NOV-25', 'DD-MON-YY'), 'System');
INSERT INTO EMPLOYEE (EMPLOYEE_ID, FIRST_NAME, LAST_NAME, EMAIL, PHONE, HIRE_DATE, BIRTH_DATE, DEPARTMENT_ID, JOB_POSITION_ID, SALARY, EMPLOYMENT_STATUS, CREATED_ON, CREATED_BY) VALUES (20, 'Elizabeth', 'Miller', 'e.miller@enterprise.org', '977-759-9126', TO_DATE('25-SEP-22', 'DD-MON-YY'), TO_DATE('12-NOV-95', 'DD-MON-YY'), 16, 4, 56000, 'Active', TO_DATE('26-NOV-25', 'DD-MON-YY'), 'System');
INSERT INTO EMPLOYEE (EMPLOYEE_ID, FIRST_NAME, LAST_NAME, EMAIL, PHONE, HIRE_DATE, BIRTH_DATE, DEPARTMENT_ID, JOB_POSITION_ID, SALARY, EMPLOYMENT_STATUS, CREATED_ON, CREATED_BY) VALUES (21, 'David', 'Jones', 'd.jones@corp.net', '411-771-5133', TO_DATE('04-FEB-21', 'DD-MON-YY'), TO_DATE('11-MAY-74', 'DD-MON-YY'), 16, 7, 52000, 'Active', TO_DATE('26-NOV-25', 'DD-MON-YY'), 'System');
INSERT INTO EMPLOYEE (EMPLOYEE_ID, FIRST_NAME, LAST_NAME, EMAIL, PHONE, HIRE_DATE, BIRTH_DATE, DEPARTMENT_ID, JOB_POSITION_ID, SALARY, EMPLOYMENT_STATUS, CREATED_ON, CREATED_BY) VALUES (22, 'Patricia', 'Miller', 'p.miller@corp.net', '601-559-9052', TO_DATE('10-FEB-23', 'DD-MON-YY'), TO_DATE('03-MAR-89', 'DD-MON-YY'), 17, 3, 75000, 'Active', TO_DATE('26-NOV-25', 'DD-MON-YY'), 'System');
INSERT INTO EMPLOYEE (EMPLOYEE_ID, FIRST_NAME, LAST_NAME, EMAIL, PHONE, HIRE_DATE, BIRTH_DATE, DEPARTMENT_ID, JOB_POSITION_ID, SALARY, EMPLOYMENT_STATUS, CREATED_ON, CREATED_BY) VALUES (23, 'Patricia', 'Jones', 'p.jones@corp.net', '627-522-2897', TO_DATE('11-AUG-22', 'DD-MON-YY'), TO_DATE('06-NOV-88', 'DD-MON-YY'), 28, 3, 62000, 'Active', TO_DATE('26-NOV-25', 'DD-MON-YY'), 'System');
INSERT INTO EMPLOYEE (EMPLOYEE_ID, FIRST_NAME, LAST_NAME, EMAIL, PHONE, HIRE_DATE, BIRTH_DATE, DEPARTMENT_ID, JOB_POSITION_ID, SALARY, EMPLOYMENT_STATUS, CREATED_ON, CREATED_BY) VALUES (24, 'John', 'Williams', 'j.williams@company.com', '976-451-6473', TO_DATE('16-APR-20', 'DD-MON-YY'), TO_DATE('27-APR-75', 'DD-MON-YY'), 29, 3, 57000, 'Active', TO_DATE('26-NOV-25', 'DD-MON-YY'), 'System');
INSERT INTO EMPLOYEE (EMPLOYEE_ID, FIRST_NAME, LAST_NAME, EMAIL, PHONE, HIRE_DATE, BIRTH_DATE, DEPARTMENT_ID, JOB_POSITION_ID, SALARY, EMPLOYMENT_STATUS, CREATED_ON, CREATED_BY) VALUES (25, 'Michael', 'Williams', 'm.williams@company.com', '867-926-7194', TO_DATE('30-AUG-23', 'DD-MON-YY'), TO_DATE('03-JUL-71', 'DD-MON-YY'), 29, 3, 72000, 'Active', TO_DATE('26-NOV-25', 'DD-MON-YY'), 'System');
INSERT INTO EMPLOYEE (EMPLOYEE_ID, FIRST_NAME, LAST_NAME, EMAIL, PHONE, HIRE_DATE, BIRTH_DATE, DEPARTMENT_ID, JOB_POSITION_ID, SALARY, EMPLOYMENT_STATUS, CREATED_ON, CREATED_BY) VALUES (26, 'Robert', 'Wilson', 'r.wilson@enterprise.org', '893-343-5233', TO_DATE('24-JUL-24', 'DD-MON-YY'), TO_DATE('19-FEB-79', 'DD-MON-YY'), 30, 9, 70000, 'Active', TO_DATE('26-NOV-25', 'DD-MON-YY'), 'System');
INSERT INTO EMPLOYEE (EMPLOYEE_ID, FIRST_NAME, LAST_NAME, EMAIL, PHONE, HIRE_DATE, BIRTH_DATE, DEPARTMENT_ID, JOB_POSITION_ID, SALARY, EMPLOYMENT_STATUS, CREATED_ON, CREATED_BY) VALUES (27, 'Elizabeth', 'Martinez', 'e.martinez@corp.net', '507-795-2838', TO_DATE('23-MAY-24', 'DD-MON-YY'), TO_DATE('17-DEC-73', 'DD-MON-YY'), 31, 5, 54000, 'Active', TO_DATE('26-NOV-25', 'DD-MON-YY'), 'System');
INSERT INTO EMPLOYEE (EMPLOYEE_ID, FIRST_NAME, LAST_NAME, EMAIL, PHONE, HIRE_DATE, BIRTH_DATE, DEPARTMENT_ID, JOB_POSITION_ID, SALARY, EMPLOYMENT_STATUS, CREATED_ON, CREATED_BY) VALUES (28, 'Robert', 'Garcia', 'r.garcia@company.com', '347-552-3215', TO_DATE('10-APR-22', 'DD-MON-YY'), TO_DATE('10-APR-99', 'DD-MON-YY'), 32, 2, 78000, 'Active', TO_DATE('26-NOV-25', 'DD-MON-YY'), 'System');
INSERT INTO EMPLOYEE (EMPLOYEE_ID, FIRST_NAME, LAST_NAME, EMAIL, PHONE, HIRE_DATE, BIRTH_DATE, DEPARTMENT_ID, JOB_POSITION_ID, SALARY, EMPLOYMENT_STATUS, CREATED_ON, CREATED_BY) VALUES (29, 'Richard', 'Jones', 'r.jones@corp.net', '987-907-4674', TO_DATE('05-NOV-21', 'DD-MON-YY'), TO_DATE('27-APR-72', 'DD-MON-YY'), 33, 4, 54000, 'Active', TO_DATE('26-NOV-25', 'DD-MON-YY'), 'System');
INSERT INTO EMPLOYEE (EMPLOYEE_ID, FIRST_NAME, LAST_NAME, EMAIL, PHONE, HIRE_DATE, BIRTH_DATE, DEPARTMENT_ID, JOB_POSITION_ID, SALARY, EMPLOYMENT_STATUS, CREATED_ON, CREATED_BY) VALUES (30, 'David', 'Johnson', 'd.johnson@enterprise.org', '298-941-1113', TO_DATE('24-NOV-20', 'DD-MON-YY'), TO_DATE('13-DEC-81', 'DD-MON-YY'), 33, 4, 56000, 'Active', TO_DATE('26-NOV-25', 'DD-MON-YY'), 'System');
INSERT INTO EMPLOYEE (EMPLOYEE_ID, FIRST_NAME, LAST_NAME, EMAIL, PHONE, HIRE_DATE, BIRTH_DATE, DEPARTMENT_ID, JOB_POSITION_ID, SALARY, EMPLOYMENT_STATUS, CREATED_ON, CREATED_BY) VALUES (31, 'William', 'Brown', 'w.brown@company.com', '300-418-1281', TO_DATE('24-MAR-21', 'DD-MON-YY'), TO_DATE('24-MAY-85', 'DD-MON-YY'), 33, 8, 80000, 'Active', TO_DATE('26-NOV-25', 'DD-MON-YY'), 'System');
INSERT INTO EMPLOYEE (EMPLOYEE_ID, FIRST_NAME, LAST_NAME, EMAIL, PHONE, HIRE_DATE, BIRTH_DATE, DEPARTMENT_ID, JOB_POSITION_ID, SALARY, EMPLOYMENT_STATUS, CREATED_ON, CREATED_BY) VALUES (32, 'Charles', 'Brown', 'c.brown@corp.net', '773-572-1576', TO_DATE('29-DEC-22', 'DD-MON-YY'), TO_DATE('03-SEP-93', 'DD-MON-YY'), 34, 5, 54000, 'Active', TO_DATE('26-NOV-25', 'DD-MON-YY'), 'System');
INSERT INTO EMPLOYEE (EMPLOYEE_ID, FIRST_NAME, LAST_NAME, EMAIL, PHONE, HIRE_DATE, BIRTH_DATE, DEPARTMENT_ID, JOB_POSITION_ID, SALARY, EMPLOYMENT_STATUS, CREATED_ON, CREATED_BY) VALUES (33, 'John', 'Anderson', 'j.anderson@enterprise.org', '285-479-5998', TO_DATE('29-DEC-23', 'DD-MON-YY'), TO_DATE('06-DEC-76', 'DD-MON-YY'), 34, 2, 70000, 'Active', TO_DATE('26-NOV-25', 'DD-MON-YY'), 'System');
INSERT INTO EMPLOYEE (EMPLOYEE_ID, FIRST_NAME, LAST_NAME, EMAIL, PHONE, HIRE_DATE, BIRTH_DATE, DEPARTMENT_ID, JOB_POSITION_ID, SALARY, EMPLOYMENT_STATUS, CREATED_ON, CREATED_BY) VALUES (34, 'Linda', 'Anderson', 'l.anderson@corp.net', '745-893-3228', TO_DATE('09-NOV-22', 'DD-MON-YY'), TO_DATE('25-MAR-89', 'DD-MON-YY'), 35, 2, 58000, 'Active', TO_DATE('26-NOV-25', 'DD-MON-YY'), 'System');
INSERT INTO EMPLOYEE (EMPLOYEE_ID, FIRST_NAME, LAST_NAME, EMAIL, PHONE, HIRE_DATE, BIRTH_DATE, DEPARTMENT_ID, JOB_POSITION_ID, SALARY, EMPLOYMENT_STATUS, CREATED_ON, CREATED_BY) VALUES (35, 'Jennifer', 'Lopez', 'j.lopez@company.com', '545-939-7007', TO_DATE('21-APR-21', 'DD-MON-YY'), TO_DATE('30-JUL-90', 'DD-MON-YY'), 36, 4, 70000, 'Active', TO_DATE('26-NOV-25', 'DD-MON-YY'), 'System');
INSERT INTO EMPLOYEE (EMPLOYEE_ID, FIRST_NAME, LAST_NAME, EMAIL, PHONE, HIRE_DATE, BIRTH_DATE, DEPARTMENT_ID, JOB_POSITION_ID, SALARY, EMPLOYMENT_STATUS, CREATED_ON, CREATED_BY) VALUES (36, 'Charles', 'Garcia', 'c.garcia@enterprise.org', '865-922-2865', TO_DATE('01-FEB-24', 'DD-MON-YY'), TO_DATE('24-MAY-84', 'DD-MON-YY'), 36, 5, 84000, 'Active', TO_DATE('26-NOV-25', 'DD-MON-YY'), 'System');
INSERT INTO EMPLOYEE (EMPLOYEE_ID, FIRST_NAME, LAST_NAME, EMAIL, PHONE, HIRE_DATE, BIRTH_DATE, DEPARTMENT_ID, JOB_POSITION_ID, SALARY, EMPLOYMENT_STATUS, CREATED_ON, CREATED_BY) VALUES (37, 'Thomas', 'Johnson', 't.johnson@corp.net', '598-580-7868', TO_DATE('24-JUL-21', 'DD-MON-YY'), TO_DATE('06-OCT-80', 'DD-MON-YY'), 37, 4, 78000, 'Active', TO_DATE('26-NOV-25', 'DD-MON-YY'), 'System');
INSERT INTO EMPLOYEE (EMPLOYEE_ID, FIRST_NAME, LAST_NAME, EMAIL, PHONE, HIRE_DATE, BIRTH_DATE, DEPARTMENT_ID, JOB_POSITION_ID, SALARY, EMPLOYMENT_STATUS, CREATED_ON, CREATED_BY) VALUES (38, 'Elizabeth', 'Wilson', 'e.wilson@enterprise.org', '727-324-4030', TO_DATE('24-OCT-21', 'DD-MON-YY'), TO_DATE('27-AUG-78', 'DD-MON-YY'), 38, 7, 76000, 'Active', TO_DATE('26-NOV-25', 'DD-MON-YY'), 'System');
INSERT INTO EMPLOYEE (EMPLOYEE_ID, FIRST_NAME, LAST_NAME, EMAIL, PHONE, HIRE_DATE, BIRTH_DATE, DEPARTMENT_ID, JOB_POSITION_ID, SALARY, EMPLOYMENT_STATUS, CREATED_ON, CREATED_BY) VALUES (39, 'Jennifer', 'Davis', 'j.davis@enterprise.org', '394-250-2984', TO_DATE('06-JAN-24', 'DD-MON-YY'), TO_DATE('02-OCT-78', 'DD-MON-YY'), 39, 2, 57000, 'Active', TO_DATE('26-NOV-25', 'DD-MON-YY'), 'System');
INSERT INTO EMPLOYEE (EMPLOYEE_ID, FIRST_NAME, LAST_NAME, EMAIL, PHONE, HIRE_DATE, BIRTH_DATE, DEPARTMENT_ID, JOB_POSITION_ID, SALARY, EMPLOYMENT_STATUS, CREATED_ON, CREATED_BY) VALUES (40, 'Susan', 'Jones', 's.jones@enterprise.org', '952-796-8392', TO_DATE('23-APR-23', 'DD-MON-YY'), TO_DATE('24-MAR-96', 'DD-MON-YY'), 39, 4, 55000, 'Active', TO_DATE('26-NOV-25', 'DD-MON-YY'), 'System');
INSERT INTO EMPLOYEE (EMPLOYEE_ID, FIRST_NAME, LAST_NAME, EMAIL, PHONE, HIRE_DATE, BIRTH_DATE, DEPARTMENT_ID, JOB_POSITION_ID, SALARY, EMPLOYMENT_STATUS, CREATED_ON, CREATED_BY) VALUES (41, 'William', 'Anderson', 'w.anderson@enterprise.org', '833-545-7518', TO_DATE('24-MAY-20', 'DD-MON-YY'), TO_DATE('11-JUL-85', 'DD-MON-YY'), 40, 1, 63000, 'Active', TO_DATE('26-NOV-25', 'DD-MON-YY'), 'System');
INSERT INTO EMPLOYEE (EMPLOYEE_ID, FIRST_NAME, LAST_NAME, EMAIL, PHONE, HIRE_DATE, BIRTH_DATE, DEPARTMENT_ID, JOB_POSITION_ID, SALARY, EMPLOYMENT_STATUS, CREATED_ON, CREATED_BY) VALUES (42, 'Susan', 'Hernandez', 's.hernandez@corp.net', '818-241-1266', TO_DATE('27-FEB-23', 'DD-MON-YY'), TO_DATE('17-JAN-70', 'DD-MON-YY'), 40, 7, 65000, 'Active', TO_DATE('26-NOV-25', 'DD-MON-YY'), 'System');
INSERT INTO EMPLOYEE (EMPLOYEE_ID, FIRST_NAME, LAST_NAME, EMAIL, PHONE, HIRE_DATE, BIRTH_DATE, DEPARTMENT_ID, JOB_POSITION_ID, SALARY, EMPLOYMENT_STATUS, CREATED_ON, CREATED_BY) VALUES (43, 'Elizabeth', 'Johnson', 'e.johnson@corp.net', '577-432-1682', TO_DATE('13-JAN-20', 'DD-MON-YY'), TO_DATE('28-AUG-79', 'DD-MON-YY'), 41, 6, 79000, 'Active', TO_DATE('26-NOV-25', 'DD-MON-YY'), 'System');
INSERT INTO EMPLOYEE (EMPLOYEE_ID, FIRST_NAME, LAST_NAME, EMAIL, PHONE, HIRE_DATE, BIRTH_DATE, DEPARTMENT_ID, JOB_POSITION_ID, SALARY, EMPLOYMENT_STATUS, CREATED_ON, CREATED_BY) VALUES (44, 'Jessica', 'Hernandez', 'j.hernandez@company.com', '616-376-1037', TO_DATE('27-JUL-22', 'DD-MON-YY'), TO_DATE('20-JAN-74', 'DD-MON-YY'), 42, 6, 81000, 'Active', TO_DATE('26-NOV-25', 'DD-MON-YY'), 'System');
INSERT INTO EMPLOYEE (EMPLOYEE_ID, FIRST_NAME, LAST_NAME, EMAIL, PHONE, HIRE_DATE, BIRTH_DATE, DEPARTMENT_ID, JOB_POSITION_ID, SALARY, EMPLOYMENT_STATUS, CREATED_ON, CREATED_BY) VALUES (45, 'Robert', 'Miller', 'r.miller@enterprise.org', '683-368-8511', TO_DATE('13-JAN-22', 'DD-MON-YY'), TO_DATE('29-JUL-90', 'DD-MON-YY'), 43, 4, 71000, 'Active', TO_DATE('26-NOV-25', 'DD-MON-YY'), 'System');
INSERT INTO EMPLOYEE (EMPLOYEE_ID, FIRST_NAME, LAST_NAME, EMAIL, PHONE, HIRE_DATE, BIRTH_DATE, DEPARTMENT_ID, JOB_POSITION_ID, SALARY, EMPLOYMENT_STATUS, CREATED_ON, CREATED_BY) VALUES (46, 'Robert', 'Johnson', 'r.johnson@corp.net', '960-931-5636', TO_DATE('11-NOV-20', 'DD-MON-YY'), TO_DATE('08-APR-92', 'DD-MON-YY'), 43, 1, 66000, 'Active', TO_DATE('26-NOV-25', 'DD-MON-YY'), 'System');
INSERT INTO EMPLOYEE (EMPLOYEE_ID, FIRST_NAME, LAST_NAME, EMAIL, PHONE, HIRE_DATE, BIRTH_DATE, DEPARTMENT_ID, JOB_POSITION_ID, SALARY, EMPLOYMENT_STATUS, CREATED_ON, CREATED_BY) VALUES (47, 'James', 'Rodriguez', 'j.rodriguez@corp.net', '657-643-5825', TO_DATE('08-DEC-20', 'DD-MON-YY'), TO_DATE('30-JUN-93', 'DD-MON-YY'), 44, 1, 64000, 'Active', TO_DATE('26-NOV-25', 'DD-MON-YY'), 'System');
INSERT INTO EMPLOYEE (EMPLOYEE_ID, FIRST_NAME, LAST_NAME, EMAIL, PHONE, HIRE_DATE, BIRTH_DATE, DEPARTMENT_ID, JOB_POSITION_ID, SALARY, EMPLOYMENT_STATUS, CREATED_ON, CREATED_BY) VALUES (48, 'Jessica', 'Brown', 'j.brown@corp.net', '922-942-8139', TO_DATE('27-MAY-22', 'DD-MON-YY'), TO_DATE('25-MAY-81', 'DD-MON-YY'), 45, 1, 52000, 'Active', TO_DATE('26-NOV-25', 'DD-MON-YY'), 'System');
INSERT INTO EMPLOYEE (EMPLOYEE_ID, FIRST_NAME, LAST_NAME, EMAIL, PHONE, HIRE_DATE, BIRTH_DATE, DEPARTMENT_ID, JOB_POSITION_ID, SALARY, EMPLOYMENT_STATUS, CREATED_ON, CREATED_BY) VALUES (49, 'William', 'Davis', 'w.davis@corp.net', '733-934-8823', TO_DATE('31-MAR-20', 'DD-MON-YY'), TO_DATE('04-AUG-73', 'DD-MON-YY'), 45, 9, 53000, 'Active', TO_DATE('26-NOV-25', 'DD-MON-YY'), 'System');
INSERT INTO EMPLOYEE (EMPLOYEE_ID, FIRST_NAME, LAST_NAME, EMAIL, PHONE, HIRE_DATE, BIRTH_DATE, DEPARTMENT_ID, JOB_POSITION_ID, SALARY, EMPLOYMENT_STATUS, CREATED_ON, CREATED_BY) VALUES (50, 'Michael', 'Garcia', 'm.garcia@corp.net', '417-983-3009', TO_DATE('01-FEB-22', 'DD-MON-YY'), TO_DATE('29-NOV-92', 'DD-MON-YY'), 46, 2, 69000, 'Active', TO_DATE('26-NOV-25', 'DD-MON-YY'), 'System');
INSERT INTO EMPLOYEE (EMPLOYEE_ID, FIRST_NAME, LAST_NAME, EMAIL, PHONE, HIRE_DATE, BIRTH_DATE, DEPARTMENT_ID, JOB_POSITION_ID, SALARY, EMPLOYMENT_STATUS, CREATED_ON, CREATED_BY) VALUES (51, 'Charles', 'Jones', 'c.jones@company.com', '546-643-4251', TO_DATE('03-JUN-23', 'DD-MON-YY'), TO_DATE('04-MAR-77', 'DD-MON-YY'), 47, 5, 64000, 'Active', TO_DATE('26-NOV-25', 'DD-MON-YY'), 'System');
INSERT INTO EMPLOYEE (EMPLOYEE_ID, FIRST_NAME, LAST_NAME, EMAIL, PHONE, HIRE_DATE, BIRTH_DATE, DEPARTMENT_ID, JOB_POSITION_ID, SALARY, EMPLOYMENT_STATUS, CREATED_ON, CREATED_BY) VALUES (52, 'Jennifer', 'Jones', 'j.jones@company.com', '956-590-1331', TO_DATE('09-MAR-22', 'DD-MON-YY'), TO_DATE('11-MAR-77', 'DD-MON-YY'), 48, 4, 66000, 'Active', TO_DATE('26-NOV-25', 'DD-MON-YY'), 'System');
INSERT INTO EMPLOYEE (EMPLOYEE_ID, FIRST_NAME, LAST_NAME, EMAIL, PHONE, HIRE_DATE, BIRTH_DATE, DEPARTMENT_ID, JOB_POSITION_ID, SALARY, EMPLOYMENT_STATUS, CREATED_ON, CREATED_BY) VALUES (53, 'David', 'Wilson', 'd.wilson@corp.net', '336-506-3721', TO_DATE('18-MAR-21', 'DD-MON-YY'), TO_DATE('31-OCT-77', 'DD-MON-YY'), 48, 2, 74000, 'Active', TO_DATE('26-NOV-25', 'DD-MON-YY'), 'System');
INSERT INTO EMPLOYEE (EMPLOYEE_ID, FIRST_NAME, LAST_NAME, EMAIL, PHONE, HIRE_DATE, BIRTH_DATE, DEPARTMENT_ID, JOB_POSITION_ID, SALARY, EMPLOYMENT_STATUS, CREATED_ON, CREATED_BY) VALUES (54, 'Sarah', 'Lopez', 's.lopez@corp.net', '532-426-3053', TO_DATE('20-APR-24', 'DD-MON-YY'), TO_DATE('28-FEB-93', 'DD-MON-YY'), 48, 6, 53000, 'Active', TO_DATE('26-NOV-25', 'DD-MON-YY'), 'System');
INSERT INTO EMPLOYEE (EMPLOYEE_ID, FIRST_NAME, LAST_NAME, EMAIL, PHONE, HIRE_DATE, BIRTH_DATE, DEPARTMENT_ID, JOB_POSITION_ID, SALARY, EMPLOYMENT_STATUS, CREATED_ON, CREATED_BY) VALUES (55, 'Joseph', 'Brown', 'j.brown@enterprise.org', '385-568-1739', TO_DATE('01-OCT-24', 'DD-MON-YY'), TO_DATE('29-APR-79', 'DD-MON-YY'), 49, 8, 75000, 'Active', TO_DATE('26-NOV-25', 'DD-MON-YY'), 'System');
INSERT INTO EMPLOYEE (EMPLOYEE_ID, FIRST_NAME, LAST_NAME, EMAIL, PHONE, HIRE_DATE, BIRTH_DATE, DEPARTMENT_ID, JOB_POSITION_ID, SALARY, EMPLOYMENT_STATUS, CREATED_ON, CREATED_BY) VALUES (56, 'Mary', 'Anderson', 'm.anderson@company.com', '244-348-9275', TO_DATE('04-AUG-22', 'DD-MON-YY'), TO_DATE('24-DEC-96', 'DD-MON-YY'), 50, 9, 74000, 'Active', TO_DATE('26-NOV-25', 'DD-MON-YY'), 'System');
INSERT INTO EMPLOYEE (EMPLOYEE_ID, FIRST_NAME, LAST_NAME, EMAIL, PHONE, HIRE_DATE, BIRTH_DATE, DEPARTMENT_ID, JOB_POSITION_ID, SALARY, EMPLOYMENT_STATUS, CREATED_ON, CREATED_BY) VALUES (57, 'William', 'Gonzalez', 'w.gonzalez@corp.net', '562-779-9573', TO_DATE('15-JAN-23', 'DD-MON-YY'), TO_DATE('04-JAN-75', 'DD-MON-YY'), 50, 7, 82000, 'Active', TO_DATE('26-NOV-25', 'DD-MON-YY'), 'System');
INSERT INTO EMPLOYEE (EMPLOYEE_ID, FIRST_NAME, LAST_NAME, EMAIL, PHONE, HIRE_DATE, BIRTH_DATE, DEPARTMENT_ID, JOB_POSITION_ID, SALARY, EMPLOYMENT_STATUS, CREATED_ON, CREATED_BY) VALUES (58, 'James', 'Rodriguez', 'j.rodriguez@company.com', '630-789-3136', TO_DATE('27-APR-23', 'DD-MON-YY'), TO_DATE('27-AUG-74', 'DD-MON-YY'), 51, 6, 76000, 'Active', TO_DATE('26-NOV-25', 'DD-MON-YY'), 'System');
INSERT INTO EMPLOYEE (EMPLOYEE_ID, FIRST_NAME, LAST_NAME, EMAIL, PHONE, HIRE_DATE, BIRTH_DATE, DEPARTMENT_ID, JOB_POSITION_ID, SALARY, EMPLOYMENT_STATUS, CREATED_ON, CREATED_BY) VALUES (59, 'Jessica', 'Wilson', 'j.wilson@company.com', '616-859-1962', TO_DATE('05-AUG-21', 'DD-MON-YY'), TO_DATE('20-JUN-99', 'DD-MON-YY'), 51, 6, 83000, 'Active', TO_DATE('26-NOV-25', 'DD-MON-YY'), 'System');
INSERT INTO EMPLOYEE (EMPLOYEE_ID, FIRST_NAME, LAST_NAME, EMAIL, PHONE, HIRE_DATE, BIRTH_DATE, DEPARTMENT_ID, JOB_POSITION_ID, SALARY, EMPLOYMENT_STATUS, CREATED_ON, CREATED_BY) VALUES (60, 'James', 'Garcia', 'j.garcia@corp.net', '630-676-2038', TO_DATE('27-OCT-23', 'DD-MON-YY'), TO_DATE('16-MAR-86', 'DD-MON-YY'), 51, 9, 55000, 'Active', TO_DATE('26-NOV-25', 'DD-MON-YY'), 'System');
INSERT INTO EMPLOYEE (EMPLOYEE_ID, FIRST_NAME, LAST_NAME, EMAIL, PHONE, HIRE_DATE, BIRTH_DATE, DEPARTMENT_ID, JOB_POSITION_ID, SALARY, EMPLOYMENT_STATUS, CREATED_ON, CREATED_BY) VALUES (61, 'Patricia', 'Davis', 'p.davis@corp.net', '497-920-4988', TO_DATE('23-SEP-20', 'DD-MON-YY'), TO_DATE('08-JAN-96', 'DD-MON-YY'), 52, 8, 66000, 'Active', TO_DATE('26-NOV-25', 'DD-MON-YY'), 'System');
INSERT INTO EMPLOYEE (EMPLOYEE_ID, FIRST_NAME, LAST_NAME, EMAIL, PHONE, HIRE_DATE, BIRTH_DATE, DEPARTMENT_ID, JOB_POSITION_ID, SALARY, EMPLOYMENT_STATUS, CREATED_ON, CREATED_BY) VALUES (62, 'Patricia', 'Jones', 'p.jones@company.com', '486-613-5239', TO_DATE('03-APR-22', 'DD-MON-YY'), TO_DATE('09-JUN-89', 'DD-MON-YY'), 52, 3, 65000, 'Active', TO_DATE('26-NOV-25', 'DD-MON-YY'), 'System');
INSERT INTO EMPLOYEE (EMPLOYEE_ID, FIRST_NAME, LAST_NAME, EMAIL, PHONE, HIRE_DATE, BIRTH_DATE, DEPARTMENT_ID, JOB_POSITION_ID, SALARY, EMPLOYMENT_STATUS, CREATED_ON, CREATED_BY) VALUES (63, 'Robert', 'Martinez', 'r.martinez@company.com', '665-845-5446', TO_DATE('18-JAN-22', 'DD-MON-YY'), TO_DATE('22-OCT-77', 'DD-MON-YY'), 53, 7, 57000, 'Active', TO_DATE('26-NOV-25', 'DD-MON-YY'), 'System');

INSERT INTO JOB_POSITION (JOB_POSITION_ID, POSITION_TITLE, JOB_DESCRIPTION, CREATED_ON, CREATED_BY) VALUES (11, 'Office Administrator', 'Manages general office tasks.', TO_DATE('26-NOV-25', 'DD-MON-YY'), 'System');
INSERT INTO JOB_POSITION (JOB_POSITION_ID, POSITION_TITLE, JOB_DESCRIPTION, CREATED_ON, CREATED_BY) VALUES (12, 'Team Lead', 'Leads a team of employees.', TO_DATE('26-NOV-25', 'DD-MON-YY'), 'System');
INSERT INTO JOB_POSITION (JOB_POSITION_ID, POSITION_TITLE, JOB_DESCRIPTION, CREATED_ON, CREATED_BY) VALUES (13, 'Junior Associate', 'Entry level position.', TO_DATE('26-NOV-25', 'DD-MON-YY'), 'System');
INSERT INTO JOB_POSITION (JOB_POSITION_ID, POSITION_TITLE, JOB_DESCRIPTION, CREATED_ON, CREATED_BY) VALUES (14, 'Sales Representative', 'Duties for Sales Representative', TO_DATE('26-NOV-25', 'DD-MON-YY'), 'System');
INSERT INTO JOB_POSITION (JOB_POSITION_ID, POSITION_TITLE, JOB_DESCRIPTION, CREATED_ON, CREATED_BY) VALUES (15, 'Account Executive', 'Duties for Account Executive', TO_DATE('26-NOV-25', 'DD-MON-YY'), 'System');
INSERT INTO JOB_POSITION (JOB_POSITION_ID, POSITION_TITLE, JOB_DESCRIPTION, CREATED_ON, CREATED_BY) VALUES (16, 'Forklift Operator', 'Duties for Forklift Operator', TO_DATE('26-NOV-25', 'DD-MON-YY'), 'System');
INSERT INTO JOB_POSITION (JOB_POSITION_ID, POSITION_TITLE, JOB_DESCRIPTION, CREATED_ON, CREATED_BY) VALUES (17, 'Inventory Clerk', 'Duties for Inventory Clerk', TO_DATE('26-NOV-25', 'DD-MON-YY'), 'System');
INSERT INTO JOB_POSITION (JOB_POSITION_ID, POSITION_TITLE, JOB_DESCRIPTION, CREATED_ON, CREATED_BY) VALUES (18, 'Purchasing Agent', 'Duties for Purchasing Agent', TO_DATE('26-NOV-25', 'DD-MON-YY'), 'System');
INSERT INTO JOB_POSITION (JOB_POSITION_ID, POSITION_TITLE, JOB_DESCRIPTION, CREATED_ON, CREATED_BY) VALUES (19, 'Supply Chain Analyst', 'Duties for Supply Chain Analyst', TO_DATE('26-NOV-25', 'DD-MON-YY'), 'System');
INSERT INTO JOB_POSITION (JOB_POSITION_ID, POSITION_TITLE, JOB_DESCRIPTION, CREATED_ON, CREATED_BY) VALUES (20, 'Systems Administrator', 'Duties for Systems Administrator', TO_DATE('26-NOV-25', 'DD-MON-YY'), 'System');
INSERT INTO JOB_POSITION (JOB_POSITION_ID, POSITION_TITLE, JOB_DESCRIPTION, CREATED_ON, CREATED_BY) VALUES (21, 'Help Desk Technician & Network Support', 'Duties for Help Desk Technician & Network Support', TO_DATE('26-NOV-25', 'DD-MON-YY'), 'System');
INSERT INTO JOB_POSITION (JOB_POSITION_ID, POSITION_TITLE, JOB_DESCRIPTION, CREATED_ON, CREATED_BY) VALUES (22, 'Financial Analyst', 'Duties for Financial Analyst', TO_DATE('26-NOV-25', 'DD-MON-YY'), 'System');
INSERT INTO JOB_POSITION (JOB_POSITION_ID, POSITION_TITLE, JOB_DESCRIPTION, CREATED_ON, CREATED_BY) VALUES (23, 'Payroll Specialist', 'Duties for Payroll Specialist', TO_DATE('26-NOV-25', 'DD-MON-YY'), 'System');
INSERT INTO JOB_POSITION (JOB_POSITION_ID, POSITION_TITLE, JOB_DESCRIPTION, CREATED_ON, CREATED_BY) VALUES (24, 'HR Generalist', 'Duties for HR Generalist', TO_DATE('26-NOV-25', 'DD-MON-YY'), 'System');
INSERT INTO JOB_POSITION (JOB_POSITION_ID, POSITION_TITLE, JOB_DESCRIPTION, CREATED_ON, CREATED_BY) VALUES (25, 'Recruiter', 'Duties for Recruiter', TO_DATE('26-NOV-25', 'DD-MON-YY'), 'System');
INSERT INTO JOB_POSITION (JOB_POSITION_ID, POSITION_TITLE, JOB_DESCRIPTION, CREATED_ON, CREATED_BY) VALUES (26, 'Production Worker', 'Duties for Production Worker', TO_DATE('26-NOV-25', 'DD-MON-YY'), 'System');
INSERT INTO JOB_POSITION (JOB_POSITION_ID, POSITION_TITLE, JOB_DESCRIPTION, CREATED_ON, CREATED_BY) VALUES (27, 'Quality Control Inspector', 'Duties for Quality Control Inspector', TO_DATE('26-NOV-25', 'DD-MON-YY'), 'System');
INSERT INTO JOB_POSITION (JOB_POSITION_ID, POSITION_TITLE, JOB_DESCRIPTION, CREATED_ON, CREATED_BY) VALUES (28, 'Marketing Coordinator', 'Duties for Marketing Coordinator', TO_DATE('26-NOV-25', 'DD-MON-YY'), 'System');
INSERT INTO JOB_POSITION (JOB_POSITION_ID, POSITION_TITLE, JOB_DESCRIPTION, CREATED_ON, CREATED_BY) VALUES (29, 'SEO Specialist & Content Writer', 'Duties for SEO Specialist & Content Writer', TO_DATE('26-NOV-25', 'DD-MON-YY'), 'System');
INSERT INTO JOB_POSITION (JOB_POSITION_ID, POSITION_TITLE, JOB_DESCRIPTION, CREATED_ON, CREATED_BY) VALUES (30, 'Logistics Coordinator', 'Duties for Logistics Coordinator', TO_DATE('26-NOV-25', 'DD-MON-YY'), 'System');
INSERT INTO JOB_POSITION (JOB_POSITION_ID, POSITION_TITLE, JOB_DESCRIPTION, CREATED_ON, CREATED_BY) VALUES (31, 'Driver', 'Duties for Driver', TO_DATE('26-NOV-25', 'DD-MON-YY'), 'System');
INSERT INTO JOB_POSITION (JOB_POSITION_ID, POSITION_TITLE, JOB_DESCRIPTION, CREATED_ON, CREATED_BY) VALUES (32, 'Customer Service Rep', 'Duties for Customer Service Rep', TO_DATE('26-NOV-25', 'DD-MON-YY'), 'System');
INSERT INTO JOB_POSITION (JOB_POSITION_ID, POSITION_TITLE, JOB_DESCRIPTION, CREATED_ON, CREATED_BY) VALUES (33, 'Support Specialist', 'Duties for Support Specialist', TO_DATE('26-NOV-25', 'DD-MON-YY'), 'System');

UPDATE CUSTOMER 
SET COMPANY_ID = NULL 
WHERE CUSTOMER_NAME NOT IN ('Global Semiconductors');

UPDATE CUSTOMER 
SET COMPANY_ID = 3 
WHERE CUSTOMER_NAME = 'Global Semiconductors';

INSERT INTO CUSTOMER (CUSTOMER_ID, CUSTOMER_NAME, CONTACT_PERSON, EMAIL, PHONE, ADDRESS, POSTAL_CODE, NATIONALITY, CUSTOMER_TYPE, REGISTRATION_DATE, COMPANY_ID, CREATED_ON, CREATED_BY) 
VALUES (11, 'Sunrise Cafe', 'Emily White', 'emily@sunrisecafe.com', '890-646-9654', '123 Main St, Toronto', '637 365', 'Canadian', 'Individual', TO_DATE('13-JAN-24', 'DD-MON-YY'), NULL, TO_DATE('26-NOV-25', 'DD-MON-YY'), 'System');

INSERT INTO CUSTOMER (CUSTOMER_ID, CUSTOMER_NAME, CONTACT_PERSON, EMAIL, PHONE, ADDRESS, POSTAL_CODE, NATIONALITY, CUSTOMER_TYPE, REGISTRATION_DATE, COMPANY_ID, CREATED_ON, CREATED_BY) 
VALUES (12, 'Valley Bookstore', 'James Green', 'james@valleybookstore.com', '547-554-6701', '456 Oak Ave, New York', '671 224', 'USA', 'Individual', TO_DATE('25-AUG-24', 'DD-MON-YY'), NULL, TO_DATE('26-NOV-25', 'DD-MON-YY'), 'System');

INSERT INTO CUSTOMER (CUSTOMER_ID, CUSTOMER_NAME, CONTACT_PERSON, EMAIL, PHONE, ADDRESS, POSTAL_CODE, NATIONALITY, CUSTOMER_TYPE, REGISTRATION_DATE, COMPANY_ID, CREATED_ON, CREATED_BY) 
VALUES (13, 'Tech Innovators LLC', 'Sarah Black', 'sarah@techinnovatorsllc.com', '480-268-1374', '789 Pine Rd, London', '195 153', 'UK', 'Individual', TO_DATE('13-MAY-23', 'DD-MON-YY'), NULL, TO_DATE('26-NOV-25', 'DD-MON-YY'), 'System');

INSERT INTO CUSTOMER (CUSTOMER_ID, CUSTOMER_NAME, CONTACT_PERSON, EMAIL, PHONE, ADDRESS, POSTAL_CODE, NATIONALITY, CUSTOMER_TYPE, REGISTRATION_DATE, COMPANY_ID, CREATED_ON, CREATED_BY) 
VALUES (14, 'Green Garden Market', 'David Gray', 'david@greengardenmarket.com', '249-598-5656', '101 Maple Dr, Berlin', '810 786', 'German', 'Individual', TO_DATE('28-JAN-25', 'DD-MON-YY'), NULL, TO_DATE('26-NOV-25', 'DD-MON-YY'), 'System');

INSERT INTO CUSTOMER (CUSTOMER_ID, CUSTOMER_NAME, CONTACT_PERSON, EMAIL, PHONE, ADDRESS, POSTAL_CODE, NATIONALITY, CUSTOMER_TYPE, REGISTRATION_DATE, COMPANY_ID, CREATED_ON, CREATED_BY) 
VALUES (15, 'Oceanview Hotel', 'Linda Brown', 'linda@oceanviewhotel.com', '758-918-8729', '202 Birch Ln, Paris', '182 384', 'French', 'Individual', TO_DATE('09-OCT-24', 'DD-MON-YY'), NULL, TO_DATE('26-NOV-25', 'DD-MON-YY'), 'System');

INSERT INTO CUSTOMER (CUSTOMER_ID, CUSTOMER_NAME, CONTACT_PERSON, EMAIL, PHONE, ADDRESS, POSTAL_CODE, NATIONALITY, CUSTOMER_TYPE, REGISTRATION_DATE, COMPANY_ID, CREATED_ON, CREATED_BY) 
VALUES (16, 'City Transport Co.', 'Robert Jones', 'robert@citytransportco.com', '811-348-4245', '123 Main St, Toronto', '192 473', 'Canadian', 'Individual', TO_DATE('06-NOV-24', 'DD-MON-YY'), NULL, TO_DATE('26-NOV-25', 'DD-MON-YY'), 'System');

INSERT INTO CUSTOMER (CUSTOMER_ID, CUSTOMER_NAME, CONTACT_PERSON, EMAIL, PHONE, ADDRESS, POSTAL_CODE, NATIONALITY, CUSTOMER_TYPE, REGISTRATION_DATE, COMPANY_ID, CREATED_ON, CREATED_BY) 
VALUES (17, 'Blue Sky Airlines', 'Michael Scott', 'michael@blueskyairlines.com', '222-209-1057', '456 Oak Ave, New York', '341 354', 'USA', 'Individual', TO_DATE('20-NOV-24', 'DD-MON-YY'), NULL, TO_DATE('26-NOV-25', 'DD-MON-YY'), 'System');

INSERT INTO CUSTOMER (CUSTOMER_ID, CUSTOMER_NAME, CONTACT_PERSON, EMAIL, PHONE, ADDRESS, POSTAL_CODE, NATIONALITY, CUSTOMER_TYPE, REGISTRATION_DATE, COMPANY_ID, CREATED_ON, CREATED_BY) 
VALUES (18, 'Peak Fitness Gym', 'Pam Beesly', 'pam@peakfitnessgym.com', '806-866-8525', '789 Pine Rd, London', '192 214', 'UK', 'Individual', TO_DATE('24-DEC-23', 'DD-MON-YY'), NULL, TO_DATE('26-NOV-25', 'DD-MON-YY'), 'System');

INSERT INTO CUSTOMER (CUSTOMER_ID, CUSTOMER_NAME, CONTACT_PERSON, EMAIL, PHONE, ADDRESS, POSTAL_CODE, NATIONALITY, CUSTOMER_TYPE, REGISTRATION_DATE, COMPANY_ID, CREATED_ON, CREATED_BY) 
VALUES (19, 'Urban Style Boutique', 'Jim Halpert', 'jim@urbanstyleboutique.com', '365-884-4185', '101 Maple Dr, Berlin', '515 809', 'German', 'Individual', TO_DATE('03-MAR-24', 'DD-MON-YY'), NULL, TO_DATE('26-NOV-25', 'DD-MON-YY'), 'System');

INSERT INTO CUSTOMER (CUSTOMER_ID, CUSTOMER_NAME, CONTACT_PERSON, EMAIL, PHONE, ADDRESS, POSTAL_CODE, NATIONALITY, CUSTOMER_TYPE, REGISTRATION_DATE, COMPANY_ID, CREATED_ON, CREATED_BY) 
VALUES (20, 'Fresh Foods Inc', 'Dwight Schrute', 'dwight@freshfoodsinc.com', '735-612-7069', '202 Birch Ln, Paris', '130 159', 'French', 'Individual', TO_DATE('09-FEB-23', 'DD-MON-YY'), NULL, TO_DATE('26-NOV-25', 'DD-MON-YY'), 'System');

-- Coffee Shop Customers (Cafe Aroma, Daily Grind, etc.) -> Food Companies (9 & 5)
INSERT INTO CUSTOMER_COMPANY_LINK (CUSTOMER_ID, COMPANY_ID, START_DATE, CREATED_ON, CREATED_BY) VALUES (1, 9, TO_DATE('24-NOV-25', 'DD-MON-YY'), TO_DATE('26-NOV-25', 'DD-MON-YY'), 'System');
INSERT INTO CUSTOMER_COMPANY_LINK (CUSTOMER_ID, COMPANY_ID, START_DATE, CREATED_ON, CREATED_BY) VALUES (1, 5, TO_DATE('22-JUN-25', 'DD-MON-YY'), TO_DATE('26-NOV-25', 'DD-MON-YY'), 'System');
INSERT INTO CUSTOMER_COMPANY_LINK (CUSTOMER_ID, COMPANY_ID, START_DATE, CREATED_ON, CREATED_BY) VALUES (6, 9, TO_DATE('05-FEB-25', 'DD-MON-YY'), TO_DATE('26-NOV-25', 'DD-MON-YY'), 'System');
INSERT INTO CUSTOMER_COMPANY_LINK (CUSTOMER_ID, COMPANY_ID, START_DATE, CREATED_ON, CREATED_BY) VALUES (6, 5, TO_DATE('13-NOV-25', 'DD-MON-YY'), TO_DATE('26-NOV-25', 'DD-MON-YY'), 'System');
INSERT INTO CUSTOMER_COMPANY_LINK (CUSTOMER_ID, COMPANY_ID, START_DATE, CREATED_ON, CREATED_BY) VALUES (9, 9, TO_DATE('17-JUN-25', 'DD-MON-YY'), TO_DATE('26-NOV-25', 'DD-MON-YY'), 'System');
INSERT INTO CUSTOMER_COMPANY_LINK (CUSTOMER_ID, COMPANY_ID, START_DATE, CREATED_ON, CREATED_BY) VALUES (9, 5, TO_DATE('01-DEC-24', 'DD-MON-YY'), TO_DATE('26-NOV-25', 'DD-MON-YY'), 'System');
INSERT INTO CUSTOMER_COMPANY_LINK (CUSTOMER_ID, COMPANY_ID, START_DATE, CREATED_ON, CREATED_BY) VALUES (10, 9, TO_DATE('15-MAR-25', 'DD-MON-YY'), TO_DATE('26-NOV-25', 'DD-MON-YY'), 'System');
INSERT INTO CUSTOMER_COMPANY_LINK (CUSTOMER_ID, COMPANY_ID, START_DATE, CREATED_ON, CREATED_BY) VALUES (10, 5, TO_DATE('29-AUG-25', 'DD-MON-YY'), TO_DATE('26-NOV-25', 'DD-MON-YY'), 'System');

-- Individual Customers (11-20) -> Small Business Logic (1, 5, 7) + Repeats
-- Sunrise Cafe (11) - Name implies Coffee, Type is Individual
INSERT INTO CUSTOMER_COMPANY_LINK (CUSTOMER_ID, COMPANY_ID, START_DATE, CREATED_ON, CREATED_BY) VALUES (11, 9, TO_DATE('12-JAN-25', 'DD-MON-YY'), TO_DATE('26-NOV-25', 'DD-MON-YY'), 'System');
INSERT INTO CUSTOMER_COMPANY_LINK (CUSTOMER_ID, COMPANY_ID, START_DATE, CREATED_ON, CREATED_BY) VALUES (11, 5, TO_DATE('18-SEP-25', 'DD-MON-YY'), TO_DATE('26-NOV-25', 'DD-MON-YY'), 'System');
INSERT INTO CUSTOMER_COMPANY_LINK (CUSTOMER_ID, COMPANY_ID, START_DATE, CREATED_ON, CREATED_BY) VALUES (11, 1, TO_DATE('18-SEP-25', 'DD-MON-YY'), TO_DATE('26-NOV-25', 'DD-MON-YY'), 'System');

-- Valley Bookstore (12)
INSERT INTO CUSTOMER_COMPANY_LINK (CUSTOMER_ID, COMPANY_ID, START_DATE, CREATED_ON, CREATED_BY) VALUES (12, 1, TO_DATE('30-DEC-24', 'DD-MON-YY'), TO_DATE('26-NOV-25', 'DD-MON-YY'), 'System');
INSERT INTO CUSTOMER_COMPANY_LINK (CUSTOMER_ID, COMPANY_ID, START_DATE, CREATED_ON, CREATED_BY) VALUES (12, 5, TO_DATE('30-DEC-24', 'DD-MON-YY'), TO_DATE('26-NOV-25', 'DD-MON-YY'), 'System');

-- Tech Innovators (13)
INSERT INTO CUSTOMER_COMPANY_LINK (CUSTOMER_ID, COMPANY_ID, START_DATE, CREATED_ON, CREATED_BY) VALUES (13, 7, TO_DATE('14-MAY-25', 'DD-MON-YY'), TO_DATE('26-NOV-25', 'DD-MON-YY'), 'System');
INSERT INTO CUSTOMER_COMPANY_LINK (CUSTOMER_ID, COMPANY_ID, START_DATE, CREATED_ON, CREATED_BY) VALUES (13, 1, TO_DATE('14-MAY-25', 'DD-MON-YY'), TO_DATE('26-NOV-25', 'DD-MON-YY'), 'System');
INSERT INTO CUSTOMER_COMPANY_LINK (CUSTOMER_ID, COMPANY_ID, START_DATE, CREATED_ON, CREATED_BY) VALUES (13, 5, TO_DATE('14-MAY-25', 'DD-MON-YY'), TO_DATE('26-NOV-25', 'DD-MON-YY'), 'System');

-- Green Garden Market (14)
INSERT INTO CUSTOMER_COMPANY_LINK (CUSTOMER_ID, COMPANY_ID, START_DATE, CREATED_ON, CREATED_BY) VALUES (14, 9, TO_DATE('20-APR-25', 'DD-MON-YY'), TO_DATE('26-NOV-25', 'DD-MON-YY'), 'System');
INSERT INTO CUSTOMER_COMPANY_LINK (CUSTOMER_ID, COMPANY_ID, START_DATE, CREATED_ON, CREATED_BY) VALUES (14, 5, TO_DATE('11-OCT-25', 'DD-MON-YY'), TO_DATE('26-NOV-25', 'DD-MON-YY'), 'System');
INSERT INTO CUSTOMER_COMPANY_LINK (CUSTOMER_ID, COMPANY_ID, START_DATE, CREATED_ON, CREATED_BY) VALUES (14, 1, TO_DATE('11-OCT-25', 'DD-MON-YY'), TO_DATE('26-NOV-25', 'DD-MON-YY'), 'System');

-- Oceanview Hotel (15)
INSERT INTO CUSTOMER_COMPANY_LINK (CUSTOMER_ID, COMPANY_ID, START_DATE, CREATED_ON, CREATED_BY) VALUES (15, 1, TO_DATE('02-FEB-25', 'DD-MON-YY'), TO_DATE('26-NOV-25', 'DD-MON-YY'), 'System');

-- City Transport (16)
INSERT INTO CUSTOMER_COMPANY_LINK (CUSTOMER_ID, COMPANY_ID, START_DATE, CREATED_ON, CREATED_BY) VALUES (16, 7, TO_DATE('09-AUG-25', 'DD-MON-YY'), TO_DATE('26-NOV-25', 'DD-MON-YY'), 'System');
INSERT INTO CUSTOMER_COMPANY_LINK (CUSTOMER_ID, COMPANY_ID, START_DATE, CREATED_ON, CREATED_BY) VALUES (16, 1, TO_DATE('09-AUG-25', 'DD-MON-YY'), TO_DATE('26-NOV-25', 'DD-MON-YY'), 'System');
INSERT INTO CUSTOMER_COMPANY_LINK (CUSTOMER_ID, COMPANY_ID, START_DATE, CREATED_ON, CREATED_BY) VALUES (16, 5, TO_DATE('09-AUG-25', 'DD-MON-YY'), TO_DATE('26-NOV-25', 'DD-MON-YY'), 'System');

-- Blue Sky Airlines (17)
INSERT INTO CUSTOMER_COMPANY_LINK (CUSTOMER_ID, COMPANY_ID, START_DATE, CREATED_ON, CREATED_BY) VALUES (17, 7, TO_DATE('23-MAR-25', 'DD-MON-YY'), TO_DATE('26-NOV-25', 'DD-MON-YY'), 'System');
INSERT INTO CUSTOMER_COMPANY_LINK (CUSTOMER_ID, COMPANY_ID, START_DATE, CREATED_ON, CREATED_BY) VALUES (17, 1, TO_DATE('23-MAR-25', 'DD-MON-YY'), TO_DATE('26-NOV-25', 'DD-MON-YY'), 'System');
INSERT INTO CUSTOMER_COMPANY_LINK (CUSTOMER_ID, COMPANY_ID, START_DATE, CREATED_ON, CREATED_BY) VALUES (17, 5, TO_DATE('23-MAR-25', 'DD-MON-YY'), TO_DATE('26-NOV-25', 'DD-MON-YY'), 'System');

-- Peak Fitness (18)
INSERT INTO CUSTOMER_COMPANY_LINK (CUSTOMER_ID, COMPANY_ID, START_DATE, CREATED_ON, CREATED_BY) VALUES (18, 5, TO_DATE('05-JUL-25', 'DD-MON-YY'), TO_DATE('26-NOV-25', 'DD-MON-YY'), 'System');
INSERT INTO CUSTOMER_COMPANY_LINK (CUSTOMER_ID, COMPANY_ID, START_DATE, CREATED_ON, CREATED_BY) VALUES (18, 1, TO_DATE('05-JUL-25', 'DD-MON-YY'), TO_DATE('26-NOV-25', 'DD-MON-YY'), 'System');

-- Urban Style Boutique (19)
INSERT INTO CUSTOMER_COMPANY_LINK (CUSTOMER_ID, COMPANY_ID, START_DATE, CREATED_ON, CREATED_BY) VALUES (19, 7, TO_DATE('19-JAN-25', 'DD-MON-YY'), TO_DATE('26-NOV-25', 'DD-MON-YY'), 'System');
INSERT INTO CUSTOMER_COMPANY_LINK (CUSTOMER_ID, COMPANY_ID, START_DATE, CREATED_ON, CREATED_BY) VALUES (19, 1, TO_DATE('19-JAN-25', 'DD-MON-YY'), TO_DATE('26-NOV-25', 'DD-MON-YY'), 'System');
INSERT INTO CUSTOMER_COMPANY_LINK (CUSTOMER_ID, COMPANY_ID, START_DATE, CREATED_ON, CREATED_BY) VALUES (19, 5, TO_DATE('19-JAN-25', 'DD-MON-YY'), TO_DATE('26-NOV-25', 'DD-MON-YY'), 'System');

-- Fresh Foods Inc (20)
INSERT INTO CUSTOMER_COMPANY_LINK (CUSTOMER_ID, COMPANY_ID, START_DATE, CREATED_ON, CREATED_BY) VALUES (20, 9, TO_DATE('27-AUG-25', 'DD-MON-YY'), TO_DATE('26-NOV-25', 'DD-MON-YY'), 'System');
INSERT INTO CUSTOMER_COMPANY_LINK (CUSTOMER_ID, COMPANY_ID, START_DATE, CREATED_ON, CREATED_BY) VALUES (20, 5, TO_DATE('27-AUG-25', 'DD-MON-YY'), TO_DATE('26-NOV-25', 'DD-MON-YY'), 'System');
INSERT INTO CUSTOMER_COMPANY_LINK (CUSTOMER_ID, COMPANY_ID, START_DATE, CREATED_ON, CREATED_BY) VALUES (20, 1, TO_DATE('27-AUG-25', 'DD-MON-YY'), TO_DATE('26-NOV-25', 'DD-MON-YY'), 'System');

UPDATE SALES_ORDER
SET ORDER_STATUS = 'Confirmed',
    PAYMENT_STATUS = 'Paid'
WHERE SALES_ORDER_ID = 1;

UPDATE INVOICE
SET INVOICE_STATUS = 'Confirmed'
WHERE INVOICE_ID = 1;

INSERT INTO CUSTOMER_COMPANY_LINK (CUSTOMER_ID, COMPANY_ID, START_DATE, CREATED_ON, CREATED_BY)
SELECT 5, 8, DATE '2025-11-26', SYSDATE, 'Yvette'
FROM DUAL
WHERE EXISTS (SELECT 1 FROM CUSTOMER WHERE CUSTOMER_ID = 5)
  AND EXISTS (SELECT 1 FROM COMPANY  WHERE COMPANY_ID  = 8)
  AND NOT EXISTS (SELECT 1 FROM CUSTOMER_COMPANY_LINK WHERE CUSTOMER_ID = 5 AND COMPANY_ID = 8);

INSERT INTO VENDOR (VENDOR_ID, VENDOR_NAME, COMPANY_ID, CREATED_ON, CREATED_BY)
SELECT 11,
       src.COMPANY_NAME,
       3,
       SYSDATE,
       'Yvette'
FROM COMPANY src
WHERE src.COMPANY_ID = 8
  AND EXISTS (SELECT 1 FROM COMPANY t WHERE t.COMPANY_ID = 3)     -- ensure target company exists
  AND NOT EXISTS (SELECT 1 FROM VENDOR v WHERE v.VENDOR_ID = 11); -- avoid duplicate PK

